[kiti.wpbingosite.com/index.html]
[backblue.gif]
[fade.gif]
[index.html]
[gmpg.org/xfn/11.html]
[kiti.wpbingosite.com/wp-content/plugins/yith-woocommerce-wishlist/assets/css/jquery.selectBox7359.css]
[kiti.wpbingosite.com/wp-content/plugins/woocommerce/assets/css/prettyPhoto005e.css]
[fonts.googleapis.com/index.html]
[kiti.wpbingosite.com/feed/index.html]
[kiti.wpbingosite.com/comments/feed/index.html]
[kiti.wpbingosite.com/wp-content/plugins/yith-woocommerce-wishlist/assets/css/style474a.css]
[kiti.wpbingosite.com/wp-content/plugins/contact-form-7/includes/css/stylesfc7a.css]
[kiti.wpbingosite.com/wp-content/plugins/revslider/public/assets/css/rs6072b.css]
[kiti.wpbingosite.com/wp-content/plugins/wpbingo/assets/css/bwp_ajax_filtera784.css]
[kiti.wpbingosite.com/wp-content/plugins/wpbingo/assets/css/bwp_lookbooka784.css]
[kiti.wpbingosite.com/wp-content/plugins/complianz-gdpr/assets/css/cookieblocker.minb729.css]
[kiti.wpbingosite.com/wp-content/plugins/yith-woocommerce-compare/assets/css/colorbox13ac.css]
[kiti.wpbingosite.com/wp-content/plugins/woocommerce/assets/css/brands5c8b.css]
[kiti.wpbingosite.com/wp-content/themes/kiti/stylea784.css]
[kiti.wpbingosite.com/wp-content/themes/kiti/css/bootstrapa784.css]
[kiti.wpbingosite.com/wp-content/themes/kiti/css/jquery.fancybox.css]
[kiti.wpbingosite.com/wp-content/themes/kiti/css/jquery.circlestime.css]
[kiti.wpbingosite.com/wp-content/themes/kiti/css/jquery.mmenu.alla784.css]
[kiti.wpbingosite.com/wp-content/themes/kiti/css/slick/slick.css]
[kiti.wpbingosite.com/wp-content/plugins/elementor/assets/lib/font-awesome/css/font-awesome.min1849.css]
[kiti.wpbingosite.com/wp-content/themes/kiti/css/materiaa784.css]
[kiti.wpbingosite.com/wp-content/themes/kiti/css/eleganta784.css]
[kiti.wpbingosite.com/wp-content/themes/kiti/css/wpbingoa784.css]
[kiti.wpbingosite.com/wp-content/themes/kiti/css/icomoona784.css]
[kiti.wpbingosite.com/wp-content/themes/kiti/css/flaticona784.css]
[kiti.wpbingosite.com/wp-content/themes/kiti/css/templatea784.css]
[kiti.wpbingosite.com/wp-content/plugins/elementor/assets/lib/eicons/css/elementor-icons.min4e44.css]
[kiti.wpbingosite.com/wp-content/uploads/elementor/css/custom-frontend.min0ba0.css]
[kiti.wpbingosite.com/wp-content/uploads/elementor/css/post-9482312e.css]
[kiti.wpbingosite.com/wp-content/plugins/elementor/assets/css/widget-heading.min89ce.css]
[kiti.wpbingosite.com/wp-content/uploads/elementor/css/custom-widget-icon-box.min0ba0.css]
[kiti.wpbingosite.com/wp-content/uploads/elementor/css/post-115507823.css]
[kiti.wpbingosite.com/wp-content/uploads/elementor/google-fonts/css/poppins0f96.css]
[kiti.wpbingosite.com/wp-includes/js/jquery/jquery.minf43b.js]
[kiti.wpbingosite.com/wp-includes/js/jquery/jquery-migrate.min5589.js]
[kiti.wpbingosite.com/wp-content/plugins/woocommerce/assets/js/jquery-blockui/jquery.blockUI.minb274.js]
[kiti.wpbingosite.com/wp-content/plugins/woocommerce/assets/js/frontend/add-to-cart.min5c8b.js]
[kiti.wpbingosite.com/wp-content/plugins/woocommerce/assets/js/js-cookie/js.cookie.min1b05.js]
[kiti.wpbingosite.com/wp-content/plugins/woocommerce/assets/js/frontend/woocommerce.min5c8b.js]
[kiti.wpbingosite.com/wp-includes/js/underscore.min3ab8.js]
[kiti.wpbingosite.com/wp-includes/js/wp-util.mina784.js]
[kiti.wpbingosite.com/wp-content/plugins/woocommerce/assets/js/frontend/add-to-cart-variation.min5c8b.js]
[kiti.wpbingosite.com/wp-json/wp/v2/pages/11550.json]
[kiti.wpbingosite.com/wp-json/index.html]
[kiti.wpbingosite.com/wp-json/oembed/1.0/embedbb2d.json]
[kiti.wpbingosite.com/wp-json/oembed/1.0/embed7448]
[kiti.wpbingosite.com/wp-content/uploads/2020/02/thumbnail.png]
[kiti.wpbingosite.com/wp-content/uploads/2021/01/logo.png]
[kiti.wpbingosite.com/wp-content/uploads/2020/06/home-7.jpg]
[kiti.wpbingosite.com/shop/index.html]
[kiti.wpbingosite.com/wishlist/index.html]
[kiti.wpbingosite.com/my-account/index.html]
[kiti.wpbingosite.com/wp-content/uploads/2020/06/home-6.jpg]
[kiti.wpbingosite.com/wp-content/uploads/2020/06/home-2.jpg]
[kiti.wpbingosite.com/home-6/index.html]
[kiti.wpbingosite.com/home-2/index.html]
[kiti.wpbingosite.com/wp-content/uploads/2020/06/home-1.jpg]
[kiti.wpbingosite.com/wp-content/uploads/2020/06/home-3.jpg]
[kiti.wpbingosite.com/home-7/index.html]
[kiti.wpbingosite.com/wp-content/uploads/2020/06/home-8.jpg]
[kiti.wpbingosite.com/home-3/index.html]
[kiti.wpbingosite.com/home-8/index.html]
[kiti.wpbingosite.com/wp-content/uploads/2020/06/home-4.jpg]
[kiti.wpbingosite.com/wp-content/uploads/2020/06/home-9.jpg]
[kiti.wpbingosite.com/home-4/index.html]
[kiti.wpbingosite.com/home-9/index.html]
[kiti.wpbingosite.com/wp-content/uploads/2020/06/home-5.jpg]
[kiti.wpbingosite.com/home-5/index.html]
[kiti.wpbingosite.com/wp-content/uploads/2020/06/home-10.jpg]
[kiti.wpbingosite.com/wp-content/uploads/2020/06/mega-menu.png]
[kiti.wpbingosite.com/home-10/index.html]
[kiti.wpbingosite.com/shop/indexfddf.html]
[kiti.wpbingosite.com/shop/index68fa.html]
[kiti.wpbingosite.com/product-category/glassware/indexd68e.html]
[kiti.wpbingosite.com/shop/index3369.html]
[kiti.wpbingosite.com/shop/index4d07.html]
[kiti.wpbingosite.com/shop/indexaf48.html]
[kiti.wpbingosite.com/shop/indexd68e.html]
[kiti.wpbingosite.com/shop/indexbe32.html]
[kiti.wpbingosite.com/shop/index9b51.html]
[kiti.wpbingosite.com/shop/index74e4.html]
[kiti.wpbingosite.com/wp-content/uploads/2018/05/Blog-1-720x484.jpg]
[kiti.wpbingosite.com/wp-content/uploads/2018/05/Blog-2-720x484.jpg]
[kiti.wpbingosite.com/shop/indexb677.html]
[kiti.wpbingosite.com/shop/indexce49.html]
[kiti.wpbingosite.com/shop/indexcc57.html]
[kiti.wpbingosite.com/shop/index0eb4.html]
[kiti.wpbingosite.com/wp-content/uploads/2018/05/Blog-3-720x484.jpg]
[kiti.wpbingosite.com/shop/index22aa.html]
[kiti.wpbingosite.com/shop/index23ba.html]
[kiti.wpbingosite.com/shop/indexe3be.html]
[kiti.wpbingosite.com/404]
[kiti.wpbingosite.com/order-tracking/index.html]
[kiti.wpbingosite.com/index3361.html]
[kiti.wpbingosite.com/indexed9f.html]
[kiti.wpbingosite.com/cart/index.html]
[kiti.wpbingosite.com/wp-content/uploads/2021/01/Untitled-2.jpg]
[kiti.wpbingosite.com/shop/graphic-training-top/indexe5c8.html]
[kiti.wpbingosite.com/shop/midnight-sky-ocean-sounds/index.html]
[kiti.wpbingosite.com/shop/product-view-360/index.html]
[kiti.wpbingosite.com/shop/backbeat-fit-3200/index.html]
[kiti.wpbingosite.com/wp-content/uploads/2020/12/Slider-17.jpg]
[kiti.wpbingosite.com/shop/natus-erro-at-congue-massa/index423b.html]
[kiti.wpbingosite.com/shop/graphic-training-top/index.html]
[kiti.wpbingosite.com/shop/heston-boiler-espresso-machine/index.html]
[kiti.wpbingosite.com/wp-content/uploads/2020/12/Slider-18.jpg]
[kiti.wpbingosite.com/shop/philips-hr1861-whole-fruit-juicer/index8f75.html]
[kiti.wpbingosite.com/shop/panasonic-in-ear-stereo-earphones/index.html]
[kiti.wpbingosite.com/shop/panasonic-in-ear-stereo-earphones/index3b4a.html]
[kiti.wpbingosite.com/shop/natus-erro-at-congue-massa/index.html]
[kiti.wpbingosite.com/wp-content/uploads/2020/12/Slider-19.jpg]
[kiti.wpbingosite.com/shop/paris-saint-germain/index.html]
[kiti.wpbingosite.com/shop/react-metcon-training/index.html]
[kiti.wpbingosite.com/shop/wireless-bluetooth-speaker/index.html]
[kiti.wpbingosite.com/wp-content/uploads/2020/12/banner-31.jpg]
[kiti.wpbingosite.com/shop/backbeat-fit-3200/index2540.html]
[kiti.wpbingosite.com/shop/galaxy-watch-active/index4188.html]
[kiti.wpbingosite.com/shop/wireless-bluetooth-speaker/index3446.html]
[kiti.wpbingosite.com/shop/react-metcon-training/index5900.html]
[kiti.wpbingosite.com/wp-content/uploads/2020/12/banner-32.jpg]
[kiti.wpbingosite.com/shop/fleece-printed-crew/index0048.html]
[kiti.wpbingosite.com/shop/fleece-printed-crew/index1633.html]
[kiti.wpbingosite.com/shop/fleece-printed-crew/indexd3a4.html]
[kiti.wpbingosite.com/wp-content/uploads/2020/12/banner-33.jpg]
[kiti.wpbingosite.com/shop/heston-boiler-espresso-machine/index9c6f.html]
[kiti.wpbingosite.com/shop/zer0-3-sneaker/index10d4.html]
[kiti.wpbingosite.com/shop/medium-support-bra/index05eb.html]
[kiti.wpbingosite.com/wp-content/uploads/2020/12/zhilips-hr1861-whole-fruit-juicer-7-600x600.jpg]
[kiti.wpbingosite.com/shop/galaxy-watch-active/index1406.html]
[kiti.wpbingosite.com/shop/philips-hr1861-whole-fruit-juicer/index491e.html]
[kiti.wpbingosite.com/shop/mens-shoe-airi-max/index7a09.html]
[kiti.wpbingosite.com/wp-content/uploads/2020/12/zhilips-hr1861-whole-fruit-juicer-12-600x600.jpg]
[kiti.wpbingosite.com/shop/mens-shoe-airi-max/index65ad.html]
[kiti.wpbingosite.com/wp-content/uploads/2020/12/zhilips-hr1861-whole-fruit-juicer-8-600x600.jpg]
[kiti.wpbingosite.com/category/backpack/index.html]
[kiti.wpbingosite.com/category/fashion/index8c9d.html]
[kiti.wpbingosite.com/category/shorts/indexb1e3.html]
[kiti.wpbingosite.com/category/backpack/indexcb45.html]
[kiti.wpbingosite.com/wp-content/uploads/2020/12/zhilips-hr1861-whole-fruit-juicer-17-600x600.jpg]
[kiti.wpbingosite.com/category/fashion/indexfc45.html]
[kiti.wpbingosite.com/category/fashion/index.html]
[kiti.wpbingosite.com/2017/04/17/post-format-gallery-blogs/index.html]
[kiti.wpbingosite.com/category/fashion/index8930.html]
[kiti.wpbingosite.com/wp-content/uploads/2020/12/zhilips-hr1861-whole-fruit-juicer-13-600x600.jpg]
[kiti.wpbingosite.com/2017/04/17/post-format-audio-blogs/index.html]
[kiti.wpbingosite.com/2018/05/30/traveling-solo-is-awesome/index.html]
[kiti.wpbingosite.com/2017/04/17/post-format-video-blogs/index.html]
[kiti.wpbingosite.com/2018/05/30/traveling-solo-is-awesome/index8c71.html]
[kiti.wpbingosite.com/wp-content/uploads/2020/12/zhilips-hr1861-whole-fruit-juicer-6-600x600.jpg]
[kiti.wpbingosite.com/2018/05/30/a-beautiful-sunday-morning/index6ff9.html]
[kiti.wpbingosite.com/2018/05/30/traveling-solo-is-awesome/index859f.html]
[kiti.wpbingosite.com/wp-content/uploads/2020/12/zhilips-hr1861-whole-fruit-juicer-9-600x600.jpg]
[kiti.wpbingosite.com/2018/05/30/a-beautiful-sunday-morning/indexf7ca.html]
[kiti.wpbingosite.com/2018/05/30/a-beautiful-sunday-morning/index.html]
[kiti.wpbingosite.com/2018/05/30/kitchen-inspired-on-japanese/index.html]
[kiti.wpbingosite.com/about-us/index.html]
[kiti.wpbingosite.com/wp-content/uploads/2020/12/zhilips-hr1861-whole-fruit-juicer-16-600x600.jpg]
[kiti.wpbingosite.com/indexf4e0.html]
[kiti.wpbingosite.com/index2f7b.html]
[kiti.wpbingosite.com/faq/index.html]
[kiti.wpbingosite.com/contact/index.html]
[kiti.wpbingosite.com/wp-content/uploads/2020/12/zhilips-hr1861-whole-fruit-juicer-3-600x600.jpg]
[kiti.wpbingosite.com/wp-content/uploads/2020/12/zhilips-hr1861-whole-fruit-juicer-14-600x600.jpg]
[kiti.wpbingosite.com/index03ab.html]
[kiti.wpbingosite.com/shop/fleece-printed-crew/index.html]
[kiti.wpbingosite.com/index356f.html]
[kiti.wpbingosite.com/shop/fenix-6s-smartwatch/index.html]
[kiti.wpbingosite.com/wp-content/uploads/2020/12/zhilips-hr1861-whole-fruit-juicer-600x600.jpg]
[kiti.wpbingosite.com/index9ed0.html]
[kiti.wpbingosite.com/indexa462.html]
[kiti.wpbingosite.com/indexd1f8.html]
[kiti.wpbingosite.com/shop/galaxy-watch-active/index.html]
[kiti.wpbingosite.com/indexadde.html]
[kiti.wpbingosite.com/indexf442.html]
[kiti.wpbingosite.com/wp-content/uploads/2020/12/zhilips-hr1861-whole-fruit-juicer-10-600x600.jpg]
[kiti.wpbingosite.com/indexa863.html]
[kiti.wpbingosite.com/indexb540.html]
[kiti.wpbingosite.com/indexf04a.html]
[kiti.wpbingosite.com/wp-content/uploads/2019/12/tes-1.jpg]
[kiti.wpbingosite.com/shop/medium-support-bra/index.html]
[kiti.wpbingosite.com/indexc529.html]
[kiti.wpbingosite.com/shop/mens-shoe-airi-max/index.html]
[kiti.wpbingosite.com/indexc463.html]
[kiti.wpbingosite.com/wp-content/uploads/2019/12/tes-2.jpg]
[kiti.wpbingosite.com/index23a6.html]
[kiti.wpbingosite.com/wp-content/uploads/2019/12/tes-3.jpg]
[kiti.wpbingosite.com/wp-content/uploads/2020/12/Brand-2.png]
[kiti.wpbingosite.com/brand/brand-2/index.html]
[kiti.wpbingosite.com/wp-content/uploads/2020/12/Brand-3.png]
[kiti.wpbingosite.com/brand/brand-1/index.html]
[kiti.wpbingosite.com/wp-content/uploads/2020/12/Brand-4.png]
[kiti.wpbingosite.com/brand/brand-3/index.html]
[kiti.wpbingosite.com/brand/brand-4/index.html]
[kiti.wpbingosite.com/wp-content/uploads/2020/12/Brand-5.png]
[kiti.wpbingosite.com/brand/brand-5/index.html]
[kiti.wpbingosite.com/wp-content/uploads/2020/12/Brand-6.png]
[kiti.wpbingosite.com/cdn-cgi/l/email-protection]
[kiti.wpbingosite.com/brand/brand-6/index.html]
[kiti.wpbingosite.com/wp-content/uploads/2020/06/payment.png]
[kiti.wpbingosite.com/cdn-cgi/scripts/5c5dd728/cloudflare-static/email-decode.min.js]
[kiti.wpbingosite.com/my-account/lost-password/index.html]
[kiti.wpbingosite.com/wp-content/plugins/woocommerce/assets/client/blocks/wc-blocksf3aa.css]
[kiti.wpbingosite.com/wp-content/uploads/elementor/css/post-12272312e.css]
[kiti.wpbingosite.com/wp-content/plugins/elementor/assets/lib/animations/styles/e-animation-shrink.min89ce.css]
[kiti.wpbingosite.com/wp-content/uploads/elementor/css/custom-widget-image-box.min0ba0.css]
[kiti.wpbingosite.com/wp-content/plugins/elementor/assets/css/widget-image.min89ce.css]
[kiti.wpbingosite.com/wp-content/uploads/elementor/css/post-9121312e.css]
[kiti.wpbingosite.com/wp-content/uploads/elementor/css/post-12246312e.css]
[kiti.wpbingosite.com/wp-content/uploads/elementor/css/post-16924312e.css]
[kiti.wpbingosite.com/wp-content/plugins/yith-woocommerce-wishlist/assets/js/jquery.selectBox.min7359.js]
[kiti.wpbingosite.com/wp-content/plugins/yith-woocommerce-wishlist/assets/js/jquery.yith-wcwl.min474a.js]
[kiti.wpbingosite.com/wp-includes/js/dist/hooks.min4fdd.js]
[kiti.wpbingosite.com/wp-includes/js/dist/i18n.minc33c.js]
[kiti.wpbingosite.com/wp-content/plugins/contact-form-7/includes/swv/js/indexfc7a.js]
[kiti.wpbingosite.com/wp-content/plugins/contact-form-7/includes/js/indexfc7a.js]
[kiti.wpbingosite.com/wp-content/plugins/revslider/public/assets/js/rbtools.min072b.js]
[kiti.wpbingosite.com/wp-includes/js/jquery/ui/core.minb37e.js]
[kiti.wpbingosite.com/wp-content/plugins/revslider/public/assets/js/rs6.min072b.js]
[kiti.wpbingosite.com/wp-includes/js/jquery/ui/mouse.minb37e.js]
[kiti.wpbingosite.com/wp-includes/js/jquery/ui/slider.minb37e.js]
[kiti.wpbingosite.com/wp-content/plugins/wpbingo/assets/js/wpbingoa784.js]
[kiti.wpbingosite.com/wp-content/plugins/woocommerce/assets/js/jquery-cookie/jquery.cookie.min4c21.js]
[kiti.wpbingosite.com/wp-content/plugins/wpbingo/assets/js/newsletter.js]
[kiti.wpbingosite.com/wp-content/plugins/wpbingo/assets/js/filter.js]
[kiti.wpbingosite.com/wp-content/plugins/yith-woocommerce-compare/assets/js/woocompare.min9a10.js]
[kiti.wpbingosite.com/wp-content/plugins/yith-woocommerce-compare/assets/js/jquery.colorbox-min13ac.js]
[kiti.wpbingosite.com/wp-content/themes/kiti/js/popper.min.js]
[kiti.wpbingosite.com/wp-content/themes/kiti/js/bootstrap.min.js]
[kiti.wpbingosite.com/wp-content/themes/kiti/js/jquery.mmenu.all.min.js]
[kiti.wpbingosite.com/wp-content/themes/kiti/js/slick.min.js]
[kiti.wpbingosite.com/wp-content/themes/kiti/js/instafeed.min.js]
[kiti.wpbingosite.com/wp-content/themes/kiti/js/jquery.countdown.min.js]
[kiti.wpbingosite.com/wp-content/themes/kiti/js/jquery.fancybox.min.js]
[kiti.wpbingosite.com/wp-content/themes/kiti/js/jquery.elevatezoom.js]
[kiti.wpbingosite.com/wp-content/themes/kiti/js/jquery.circlestime.js]
[kiti.wpbingosite.com/wp-content/themes/kiti/js/360imagerotate.js]
[kiti.wpbingosite.com/wp-content/themes/kiti/js/portfolio.js]
[kiti.wpbingosite.com/wp-content/themes/kiti/js/sly.min.js]
[kiti.wpbingosite.com/wp-content/themes/kiti/js/functions.js]
[kiti.wpbingosite.com/wp-content/plugins/woocommerce/assets/js/sourcebuster/sourcebuster.min5c8b.js]
[kiti.wpbingosite.com/wp-content/plugins/woocommerce/assets/js/frontend/order-attribution.min5c8b.js]
[kiti.wpbingosite.com/wp-content/plugins/variation-swatches-for-woocommerce/assets/js/frontend5bf8.js]
[kiti.wpbingosite.com/wp-content/plugins/elementor/assets/js/webpack.runtime.min89ce.js]
[kiti.wpbingosite.com/wp-content/plugins/elementor/assets/js/frontend-modules.min89ce.js]
[kiti.wpbingosite.com/wp-content/plugins/elementor/assets/js/frontend.min89ce.js]
[static.cloudflareinsights.com/beacon.min.js/v833ccba57c9e4d2798f2e76cebdd09a11778172276447]
[kiti.wpbingosite.com/cdn-cgi/challenge-platform/h/g/scripts/jsd/8fc8ed1d8752/maind41d.js]
[kiti.wpbingosite.com/index.html]
[gmpg.org/xfn/default.css]
[gmpg.org/xfn/.html]
[gmpg.org/xfn/intro.html]
[gmpg.org/xfn/faq.html]
[gmpg.org/xfn/thanks.html]
[gmpg.org/xfn/11.html]
[fonts.googleapis.com/index.html]
[kiti.wpbingosite.com/wp-content/plugins/yith-woocommerce-wishlist/assets/images/jquery.selectBox-arrow.gif]
[kiti.wpbingosite.com/wp-content/plugins/yith-woocommerce-wishlist/assets/css/jquery.selectBox7359.css]
[kiti.wpbingosite.com/wp-content/plugins/woocommerce/assets/fonts/WooCommerce.woff2]
[kiti.wpbingosite.com/wp-content/plugins/woocommerce/assets/fonts/WooCommerce.woff]
[kiti.wpbingosite.com/wp-content/plugins/woocommerce/assets/fonts/WooCommerce.ttf]
[kiti.wpbingosite.com/wp-content/plugins/woocommerce/assets/css/prettyPhoto005e.css]
[kiti.wpbingosite.com/wp-content/plugins/woocommerce/assets/images/icons/loader.svg]
[kiti.wpbingosite.com/wp-content/plugins/yith-woocommerce-wishlist/assets/images/jquery.selectBox-arrow.png]
[kiti.wpbingosite.com/wp-content/plugins/yith-woocommerce-wishlist/assets/css/style474a.css]
[kiti.wpbingosite.com/wp-content/plugins/contact-form-7/includes/css/stylesfc7a.css]
[kiti.wpbingosite.com/wp-content/plugins/revslider/public/assets/fonts/revicons/revicons90c6.eot]
[kiti.wpbingosite.com/wp-content/plugins/revslider/public/assets/fonts/revicons/revicons90c6.woff]
[kiti.wpbingosite.com/wp-content/plugins/revslider/public/assets/fonts/revicons/revicons90c6.ttf]
[kiti.wpbingosite.com/wp-content/plugins/revslider/public/assets/fonts/revicons/revicons90c6.svg]
[kiti.wpbingosite.com/wp-content/plugins/revslider/public/assets/assets/gridtile.png]
[kiti.wpbingosite.com/wp-content/plugins/revslider/public/assets/assets/gridtile_3x3.png]
[kiti.wpbingosite.com/wp-content/plugins/revslider/public/assets/assets/gridtile_3x3_white.png]
[kiti.wpbingosite.com/wp-content/plugins/revslider/public/assets/assets/coloredbg.png]
[kiti.wpbingosite.com/wp-content/plugins/revslider/public/assets/css/rs6072b.css]
[kiti.wpbingosite.com/wp-content/plugins/wpbingo/assets/css/bwp_ajax_filtera784.css]
[kiti.wpbingosite.com/wp-content/plugins/wpbingo/assets/css/bwp_lookbooka784.css]
[kiti.wpbingosite.com/wp-content/plugins/complianz-gdpr/assets/css/cookieblocker.minb729.css]
[kiti.wpbingosite.com/wp-content/plugins/revslider/public/assets/assets/loader.gif]
[kiti.wpbingosite.com/wp-content/plugins/yith-woocommerce-compare/assets/images/colorbox/controls.png]
[kiti.wpbingosite.com/wp-content/plugins/yith-woocommerce-compare/assets/images/colorbox/border.png]
[kiti.wpbingosite.com/wp-content/plugins/yith-woocommerce-compare/assets/images/colorbox/loading_background.png]
[kiti.wpbingosite.com/wp-content/plugins/yith-woocommerce-compare/assets/css/colorbox13ac.css]
[kiti.wpbingosite.com/wp-content/plugins/woocommerce/assets/css/brands5c8b.css]
[kiti.wpbingosite.com/wp-content/plugins/yith-woocommerce-compare/assets/images/colorbox/loading.gif]
[fonts.googleapis.com/csse667.css]
[kiti.wpbingosite.com/wp-content/themes/kiti/stylea784.css]
[kiti.wpbingosite.com/wp-content/themes/kiti/css/bootstrapa784.css]
[kiti.wpbingosite.com/wp-content/themes/kiti/css/fancy/fancybox_loading.gif]
[kiti.wpbingosite.com/wp-content/themes/kiti/css/jquery.fancybox.css]
[kiti.wpbingosite.com/wp-content/themes/kiti/css/fancy/close-popup.png]
[kiti.wpbingosite.com/wp-content/themes/kiti/css/jquery.circlestime.css]
[kiti.wpbingosite.com/wp-content/themes/kiti/css/jquery.mmenu.alla784.css]
[kiti.wpbingosite.com/wp-content/themes/kiti/css/slick/ajax-loader.gif]
[kiti.wpbingosite.com/wp-content/themes/kiti/css/slick/slick.css]
[kiti.wpbingosite.com/wp-content/plugins/elementor/assets/lib/font-awesome/fonts/fontawesome-webfont3e6e.eot]
[kiti.wpbingosite.com/wp-content/plugins/elementor/assets/lib/font-awesome/fonts/fontawesome-webfontd41d.eot]
[kiti.wpbingosite.com/wp-content/plugins/elementor/assets/lib/font-awesome/fonts/fontawesome-webfont3e6e.woff2]
[kiti.wpbingosite.com/wp-content/plugins/elementor/assets/lib/font-awesome/fonts/fontawesome-webfont3e6e.woff]
[kiti.wpbingosite.com/wp-content/plugins/elementor/assets/lib/font-awesome/fonts/fontawesome-webfont3e6e.ttf]
[kiti.wpbingosite.com/wp-content/plugins/elementor/assets/lib/font-awesome/css/font-awesome.min1849.css]
[kiti.wpbingosite.com/wp-content/plugins/elementor/assets/lib/font-awesome/fonts/fontawesome-webfont3e6e.svg]
[kiti.wpbingosite.com/wp-content/themes/kiti/fonts/Material-Design-Iconic-Fontd1f1.woff2]
[kiti.wpbingosite.com/wp-content/themes/kiti/fonts/Material-Design-Iconic-Fontd1f1.woff]
[kiti.wpbingosite.com/wp-content/themes/kiti/css/materiaa784.css]
[kiti.wpbingosite.com/wp-content/themes/kiti/fonts/Material-Design-Iconic-Fontd1f1.ttf]
[kiti.wpbingosite.com/wp-content/themes/kiti/fonts/ElegantIcons.eot]
[kiti.wpbingosite.com/wp-content/themes/kiti/fonts/ElegantIconsd41d.eot]
[kiti.wpbingosite.com/wp-content/themes/kiti/fonts/ElegantIcons.woff]
[kiti.wpbingosite.com/wp-content/themes/kiti/fonts/ElegantIcons.ttf]
[kiti.wpbingosite.com/wp-content/themes/kiti/css/eleganta784.css]
[kiti.wpbingosite.com/wp-content/themes/kiti/fonts/ElegantIcons.svg]
[kiti.wpbingosite.com/wp-content/themes/kiti/fonts/wpbingo6dbe.eot]
[kiti.wpbingosite.com/wp-content/themes/kiti/fonts/wpbingo6dbe.ttf]
[kiti.wpbingosite.com/wp-content/themes/kiti/fonts/wpbingo6dbe.woff]
[kiti.wpbingosite.com/wp-content/themes/kiti/css/wpbingoa784.css]
[kiti.wpbingosite.com/wp-content/themes/kiti/fonts/wpbingo6dbe.svg]
[kiti.wpbingosite.com/wp-content/themes/kiti/fonts/icomoon6dbe.eot]
[kiti.wpbingosite.com/wp-content/themes/kiti/fonts/icomoon6dbe.ttf]
[kiti.wpbingosite.com/wp-content/themes/kiti/fonts/icomoon6dbe.woff]
[kiti.wpbingosite.com/wp-content/themes/kiti/css/icomoona784.css]
[kiti.wpbingosite.com/wp-content/themes/kiti/fonts/icomoon6dbe.svg]
[kiti.wpbingosite.com/wp-content/themes/kiti/fonts/Flaticon.eot]
[kiti.wpbingosite.com/wp-content/themes/kiti/fonts/Flaticond41d.eot]
[kiti.wpbingosite.com/wp-content/themes/kiti/fonts/Flaticon.woff2]
[kiti.wpbingosite.com/wp-content/themes/kiti/fonts/Flaticon.woff]
[kiti.wpbingosite.com/wp-content/themes/kiti/fonts/Flaticon.ttf]
[kiti.wpbingosite.com/wp-content/themes/kiti/css/flaticona784.css]
[kiti.wpbingosite.com/wp-content/themes/kiti/fonts/Flaticon.svg]
[kiti.wpbingosite.com/wp-content/themes/kiti/images/bg-header.jpg]
[kiti.wpbingosite.com/wp-content/themes/kiti/images/spinner.gif]
[kiti.wpbingosite.com/wp-content/themes/kiti/images/dot.jpg]
[kiti.wpbingosite.com/wp-content/themes/kiti/images/plus-cate.png]
[kiti.wpbingosite.com/wp-content/themes/kiti/images/cart-m.svg]
[kiti.wpbingosite.com/wp-content/themes/kiti/images/arrow.png]
[kiti.wpbingosite.com/wp-content/themes/kiti/images/before.png]
[kiti.wpbingosite.com/wp-content/themes/kiti/images/loading-cart.gif]
[kiti.wpbingosite.com/wp-content/themes/kiti/images/plus.png]
[kiti.wpbingosite.com/wp-content/themes/kiti/images/gift.svg]
[kiti.wpbingosite.com/wp-content/themes/kiti/images/clock.svg]
[kiti.wpbingosite.com/wp-content/themes/kiti/images/bottom-2.png]
[kiti.wpbingosite.com/wp-content/themes/kiti/css/images/icons/loading.gif]
[kiti.wpbingosite.com/wp-content/themes/kiti/css/templatea784.css]
[kiti.wpbingosite.com/wp-content/plugins/elementor/assets/lib/eicons/fonts/eiconsfcca.eot]
[kiti.wpbingosite.com/wp-content/plugins/elementor/assets/lib/eicons/fonts/eiconsfcca.woff2]
[kiti.wpbingosite.com/wp-content/plugins/elementor/assets/lib/eicons/fonts/eiconsfcca.woff]
[kiti.wpbingosite.com/wp-content/plugins/elementor/assets/lib/eicons/fonts/eiconsfcca.ttf]
[kiti.wpbingosite.com/wp-content/plugins/elementor/assets/lib/eicons/css/elementor-icons.min4e44.css]
[kiti.wpbingosite.com/wp-content/uploads/elementor/css/custom-frontend.min0ba0.css]
[kiti.wpbingosite.com/wp-content/uploads/elementor/css/post-9482312e.css]
[kiti.wpbingosite.com/wp-content/plugins/elementor/assets/css/widget-heading.min89ce.css]
[kiti.wpbingosite.com/wp-content/uploads/elementor/css/custom-widget-icon-box.min0ba0.css]
[kiti.wpbingosite.com/wp-content/plugins/elementor/assets/lib/eicons/fonts/eiconsfcca.svg]
[kiti.wpbingosite.com/wp-content/uploads/2020/12/banner-34.jpg]
[kiti.wpbingosite.com/wp-content/uploads/2020/12/banner-35.jpg]
[kiti.wpbingosite.com/wp-content/uploads/elementor/css/post-115507823.css]
[kiti.wpbingosite.com/wp-content/uploads/2020/12/banner-36.jpg]
[kiti.wpbingosite.com/wp-content/uploads/elementor/google-fonts/fonts/poppins-pxiayp8kv8jhgfvrjjlme0tmmpkzsq.woff2]
[kiti.wpbingosite.com/wp-content/uploads/elementor/google-fonts/fonts/poppins-pxiayp8kv8jhgfvrjjlme0tcmpi.woff2]
[kiti.wpbingosite.com/wp-content/uploads/elementor/google-fonts/fonts/poppins-pxidyp8kv8jhgfvrjjlmv1pvgdeoceg.woff2]
[kiti.wpbingosite.com/wp-content/uploads/elementor/google-fonts/fonts/poppins-pxidyp8kv8jhgfvrjjlmv1pvf9eo.woff2]
[kiti.wpbingosite.com/wp-content/uploads/elementor/google-fonts/fonts/poppins-pxidyp8kv8jhgfvrjjlm21lvgdeoceg.woff2]
[kiti.wpbingosite.com/wp-content/uploads/elementor/google-fonts/fonts/poppins-pxidyp8kv8jhgfvrjjlm21lvf9eo.woff2]
[kiti.wpbingosite.com/wp-content/uploads/elementor/google-fonts/fonts/poppins-pxigyp8kv8jhgfvrjjlufntakpy.woff2]
[kiti.wpbingosite.com/wp-content/uploads/elementor/google-fonts/fonts/poppins-pxigyp8kv8jhgfvrjjluchta.woff2]
[kiti.wpbingosite.com/wp-content/uploads/elementor/google-fonts/fonts/poppins-pxidyp8kv8jhgfvrjjlmg1hvgdeoceg.woff2]
[kiti.wpbingosite.com/wp-content/uploads/elementor/google-fonts/fonts/poppins-pxidyp8kv8jhgfvrjjlmg1hvf9eo.woff2]
[kiti.wpbingosite.com/wp-content/uploads/elementor/google-fonts/fonts/poppins-pxidyp8kv8jhgfvrjjlmr19vgdeoceg.woff2]
[kiti.wpbingosite.com/wp-content/uploads/elementor/google-fonts/fonts/poppins-pxidyp8kv8jhgfvrjjlmr19vf9eo.woff2]
[kiti.wpbingosite.com/wp-content/uploads/elementor/google-fonts/fonts/poppins-pxidyp8kv8jhgfvrjjlmy15vgdeoceg.woff2]
[kiti.wpbingosite.com/wp-content/uploads/elementor/google-fonts/fonts/poppins-pxidyp8kv8jhgfvrjjlmy15vf9eo.woff2]
[kiti.wpbingosite.com/wp-content/uploads/elementor/google-fonts/fonts/poppins-pxidyp8kv8jhgfvrjjlm111vgdeoceg.woff2]
[kiti.wpbingosite.com/wp-content/uploads/elementor/google-fonts/fonts/poppins-pxidyp8kv8jhgfvrjjlm111vf9eo.woff2]
[kiti.wpbingosite.com/wp-content/uploads/elementor/google-fonts/fonts/poppins-pxidyp8kv8jhgfvrjjlm81xvgdeoceg.woff2]
[kiti.wpbingosite.com/wp-content/uploads/elementor/google-fonts/fonts/poppins-pxidyp8kv8jhgfvrjjlm81xvf9eo.woff2]
[kiti.wpbingosite.com/wp-content/uploads/elementor/google-fonts/fonts/poppins-pxigyp8kv8jhgfvrlptufntakpy.woff2]
[kiti.wpbingosite.com/wp-content/uploads/elementor/google-fonts/fonts/poppins-pxigyp8kv8jhgfvrlptuchta.woff2]
[kiti.wpbingosite.com/wp-content/uploads/elementor/google-fonts/fonts/poppins-pxibyp8kv8jhgfvrlfj_z1jlfc-k.woff2]
[kiti.wpbingosite.com/wp-content/uploads/elementor/google-fonts/fonts/poppins-pxibyp8kv8jhgfvrlfj_z1xlfq.woff2]
[kiti.wpbingosite.com/wp-content/uploads/elementor/google-fonts/fonts/poppins-pxibyp8kv8jhgfvrldz8z1jlfc-k.woff2]
[kiti.wpbingosite.com/wp-content/uploads/elementor/google-fonts/fonts/poppins-pxibyp8kv8jhgfvrldz8z1xlfq.woff2]
[kiti.wpbingosite.com/wp-content/uploads/elementor/google-fonts/fonts/poppins-pxieyp8kv8jhgfvrjjnecmne.woff2]
[kiti.wpbingosite.com/wp-content/uploads/elementor/google-fonts/fonts/poppins-pxieyp8kv8jhgfvrjjfecg.woff2]
[kiti.wpbingosite.com/wp-content/uploads/elementor/google-fonts/fonts/poppins-pxibyp8kv8jhgfvrlgt9z1jlfc-k.woff2]
[kiti.wpbingosite.com/wp-content/uploads/elementor/google-fonts/fonts/poppins-pxibyp8kv8jhgfvrlgt9z1xlfq.woff2]
[kiti.wpbingosite.com/wp-content/uploads/elementor/google-fonts/fonts/poppins-pxibyp8kv8jhgfvrlej6z1jlfc-k.woff2]
[kiti.wpbingosite.com/wp-content/uploads/elementor/google-fonts/fonts/poppins-pxibyp8kv8jhgfvrlej6z1xlfq.woff2]
[kiti.wpbingosite.com/wp-content/uploads/elementor/google-fonts/fonts/poppins-pxibyp8kv8jhgfvrlcz7z1jlfc-k.woff2]
[kiti.wpbingosite.com/wp-content/uploads/elementor/google-fonts/fonts/poppins-pxibyp8kv8jhgfvrlcz7z1xlfq.woff2]
[kiti.wpbingosite.com/wp-content/uploads/elementor/google-fonts/fonts/poppins-pxibyp8kv8jhgfvrldd4z1jlfc-k.woff2]
[kiti.wpbingosite.com/wp-content/uploads/elementor/google-fonts/fonts/poppins-pxibyp8kv8jhgfvrldd4z1xlfq.woff2]
[kiti.wpbingosite.com/wp-content/uploads/elementor/google-fonts/fonts/poppins-pxibyp8kv8jhgfvrlbt5z1jlfc-k.woff2]
[kiti.wpbingosite.com/wp-content/uploads/elementor/google-fonts/fonts/poppins-pxibyp8kv8jhgfvrlbt5z1xlfq.woff2]
[kiti.wpbingosite.com/wp-content/uploads/elementor/google-fonts/css/poppins0f96.css]
[kiti.wpbingosite.com/xmlrpc0db0.html]
[kiti.wpbingosite.com/wp-includes/css/dist/block-library/style.mina784.css]
[kiti.wpbingosite.com/wp-content/plugins/variation-swatches-for-woocommerce/assets/css/frontend-list-productsa784.css]
[kiti.wpbingosite.com/shop/feed/index.html]
[kiti.wpbingosite.com/wp-content/uploads/2021/01/cat-4.jpg]
[kiti.wpbingosite.com/product-category/accessories/index.html]
[kiti.wpbingosite.com/wp-content/uploads/2021/01/cat-1.jpg]
[kiti.wpbingosite.com/product-category/bakeware/index.html]
[kiti.wpbingosite.com/wp-content/uploads/2021/01/cat-2.jpg]
[kiti.wpbingosite.com/product-category/ceramic-bowls/index.html]
[kiti.wpbingosite.com/wp-content/uploads/2021/01/cat-5.jpg]
[kiti.wpbingosite.com/wp-content/uploads/2021/01/cat-6.jpg]
[kiti.wpbingosite.com/product-category/cookware/index.html]
[kiti.wpbingosite.com/wp-content/uploads/2021/01/cat-7.jpg]
[kiti.wpbingosite.com/product-category/electronics/index.html]
[kiti.wpbingosite.com/wp-content/uploads/2021/01/cat-8.jpg]
[kiti.wpbingosite.com/product-category/glassware/index.html]
[kiti.wpbingosite.com/product-category/others/index.html]
[kiti.wpbingosite.com/wp-content/uploads/2020/12/zhilips-hr1861-whole-fruit-juicer-15.jpg]
[kiti.wpbingosite.com/wp-content/uploads/2020/12/zhilips-hr1861-whole-fruit-juicer-14.jpg]
[kiti.wpbingosite.com/wp-content/uploads/2020/12/zhilips-hr1861-whole-fruit-juicer-11.jpg]
[kiti.wpbingosite.com/shop/index5156.html]
[kiti.wpbingosite.com/wp-content/uploads/2020/12/zhilips-hr1861-whole-fruit-juicer-11-600x600.jpg]
[kiti.wpbingosite.com/shop/index.html]
[kiti.wpbingosite.com/shop/indexa0bc.html]
[kiti.wpbingosite.com/shop/index28f0.html]
[kiti.wpbingosite.com/shop/index6a50.html]
[kiti.wpbingosite.com/shop/index729c.html]
[kiti.wpbingosite.com/shop/index1bb0.html]
[kiti.wpbingosite.com/wp-content/plugins/woocommerce/assets/css/select25c8b.css]
[kiti.wpbingosite.com/shop/indexa220.html]
[kiti.wpbingosite.com/shop/indexf4e0.html]
[kiti.wpbingosite.com/shop/index9aa4.html]
[kiti.wpbingosite.com/shop/index2f7b.html]
[kiti.wpbingosite.com/wp-content/plugins/woocommerce/assets/js/selectWoo/selectWoo.full.min91fc.js]
[kiti.wpbingosite.com/shop/index356f.html]
[kiti.wpbingosite.com/shop/index03ab.html]
[kiti.wpbingosite.com/shop/indexd1f8.html]
[kiti.wpbingosite.com/wp-includes/js/zxcvbn-async.min5152.js]
[kiti.wpbingosite.com/shop/indexadde.html]
[kiti.wpbingosite.com/shop/index9ed0.html]
[kiti.wpbingosite.com/shop/indexa462.html]
[kiti.wpbingosite.com/shop/indexa863.html]
[kiti.wpbingosite.com/wp-admin/js/password-strength-meter.mina784.js]
[kiti.wpbingosite.com/shop/indexf04a.html]
[kiti.wpbingosite.com/shop/indexf442.html]
[kiti.wpbingosite.com/wp-content/plugins/woocommerce/assets/js/frontend/password-strength-meter.min5c8b.js]
[kiti.wpbingosite.com/shop/index23a6.html]
[kiti.wpbingosite.com/shop/indexb540.html]
[kiti.wpbingosite.com/shop/indexc463.html]
[kiti.wpbingosite.com/shop/indexc529.html]
[kiti.wpbingosite.com/wp-content/plugins/woocommerce/assets/js/frontend/account-i18n.min5c8b.js]
[kiti.wpbingosite.com/shop/indexb8cd.html]
[kiti.wpbingosite.com/wp-json/wp/v2/pages/19.json]
[kiti.wpbingosite.com/shop/index2d32.html]
[kiti.wpbingosite.com/shop/index0a14.html]
[kiti.wpbingosite.com/shop/index1735.html]
[kiti.wpbingosite.com/wp-json/oembed/1.0/embed73e9.json]
[kiti.wpbingosite.com/shop/index6af8.html]
[kiti.wpbingosite.com/shop/page/2/index.html]
[kiti.wpbingosite.com/wp-json/oembed/1.0/embedfd6f]
[kiti.wpbingosite.com/my-account/index.html]
[kiti.wpbingosite.com/wp-json/wp/v2/pages/9.json]
[kiti.wpbingosite.com/wp-json/oembed/1.0/embedce31.json]
[kiti.wpbingosite.com/wp-json/oembed/1.0/embed68a1]
[kiti.wpbingosite.com/wishlist/index.html]
[kiti.wpbingosite.com/checkout/index.html]
[kiti.wpbingosite.com/wp-content/plugins/elementor/assets/css/widget-divider.min89ce.css]
[kiti.wpbingosite.com/wp-content/uploads/elementor/css/post-11361755a.css]
[kiti.wpbingosite.com/wp-json/wp/v2/pages/11361.json]
[kiti.wpbingosite.com/wp-json/oembed/1.0/embedb624.json]
[kiti.wpbingosite.com/wp-json/oembed/1.0/embed02f0]
[kiti.wpbingosite.com/wp-content/uploads/2020/12/banner-28.jpg]
[kiti.wpbingosite.com/wp-content/uploads/2020/12/banner-30.jpg]
[kiti.wpbingosite.com/product-category/cooking-pot/index.html]
[kiti.wpbingosite.com/wp-content/uploads/2020/12/Slider-14.jpg]
[kiti.wpbingosite.com/wp-content/uploads/2020/12/banner-7.png]
[kiti.wpbingosite.com/wp-content/uploads/2020/12/Slider-15.jpg]
[kiti.wpbingosite.com/wp-content/uploads/2020/12/Slider-16.jpg]
[kiti.wpbingosite.com/wp-content/uploads/2020/12/Untitled-27-600x600.jpg]
[kiti.wpbingosite.com/home-6/indexf4e0.html]
[kiti.wpbingosite.com/home-6/index2f7b.html]
[kiti.wpbingosite.com/home-6/index356f.html]
[kiti.wpbingosite.com/home-6/index03ab.html]
[kiti.wpbingosite.com/wp-content/uploads/2020/12/Untitled-24-600x600.jpg]
[kiti.wpbingosite.com/home-6/indexd1f8.html]
[kiti.wpbingosite.com/home-6/index9ed0.html]
[kiti.wpbingosite.com/home-6/indexa462.html]
[kiti.wpbingosite.com/home-6/indexadde.html]
[kiti.wpbingosite.com/wp-content/uploads/2018/05/product-view-360-12-600x600.jpg]
[kiti.wpbingosite.com/home-6/indexf04a.html]
[kiti.wpbingosite.com/home-6/indexf442.html]
[kiti.wpbingosite.com/home-6/indexa863.html]
[kiti.wpbingosite.com/wp-content/uploads/2018/05/product-view-360-11-600x600.jpg]
[kiti.wpbingosite.com/home-6/indexc529.html]
[kiti.wpbingosite.com/home-6/index23a6.html]
[kiti.wpbingosite.com/home-6/indexb540.html]
[kiti.wpbingosite.com/wp-content/uploads/2020/12/zhilips-hr1861-whole-fruit-juicer-5-600x600.jpg]
[kiti.wpbingosite.com/home-6/indexc463.html]
[kiti.wpbingosite.com/home-6/index2d32.html]
[kiti.wpbingosite.com/home-6/indexb8cd.html]
[kiti.wpbingosite.com/home-6/index0a14.html]
[kiti.wpbingosite.com/home-6/index6af8.html]
[kiti.wpbingosite.com/home-6/index1735.html]
[kiti.wpbingosite.com/home-6/index.html]
[kiti.wpbingosite.com/wp-content/uploads/elementor/css/post-16908755a.css]
[kiti.wpbingosite.com/shop/philips-hr1861-whole-fruit-juicer/index.html]
[kiti.wpbingosite.com/home-6/index650d.html]
[kiti.wpbingosite.com/home-6/index94e8.html]
[kiti.wpbingosite.com/home-6/indexc346.html]
[kiti.wpbingosite.com/wp-content/uploads/elementor/css/post-90192d7b.css]
[kiti.wpbingosite.com/home-6/index9e86.html]
[kiti.wpbingosite.com/wp-content/uploads/elementor/google-fonts/css/roboto6ae4.css]
[kiti.wpbingosite.com/wp-json/wp/v2/pages/9019.json]
[kiti.wpbingosite.com/wp-json/oembed/1.0/embed0c11.json]
[kiti.wpbingosite.com/wp-json/oembed/1.0/embedd6b4]
[kiti.wpbingosite.com/wp-content/uploads/2020/12/Slider-2.jpg]
[kiti.wpbingosite.com/wp-content/uploads/2020/12/Slider-3.jpg]
[kiti.wpbingosite.com/wp-content/uploads/2020/12/Slider-4.jpg]
[kiti.wpbingosite.com/wp-content/uploads/2020/12/banner-9.jpg]
[kiti.wpbingosite.com/wp-content/uploads/2020/12/banner-10.jpg]
[kiti.wpbingosite.com/wp-content/uploads/2020/12/zhilips-hr1861-whole-fruit-juicer-2-600x600.jpg]
[kiti.wpbingosite.com/home-2/index94e8.html]
[kiti.wpbingosite.com/home-2/index0a14.html]
[kiti.wpbingosite.com/home-2/index1735.html]
[kiti.wpbingosite.com/home-2/index2d32.html]
[vimeo.com/88692700.html]
[kiti.wpbingosite.com/home-2/indexf04a.html]
[kiti.wpbingosite.com/home-2/indexb540.html]
[kiti.wpbingosite.com/home-2/indexb8cd.html]
[kiti.wpbingosite.com/wp-content/uploads/2018/05/Blog-4-720x484.jpg]
[kiti.wpbingosite.com/home-2/indexc529.html]
[kiti.wpbingosite.com/home-2/index23a6.html]
[kiti.wpbingosite.com/home-2/indexd1f8.html]
[kiti.wpbingosite.com/wp-content/uploads/2018/05/Blog-5-720x484.jpg]
[kiti.wpbingosite.com/home-2/index9ed0.html]
[kiti.wpbingosite.com/home-2/index3c77.html]
[kiti.wpbingosite.com/home-2/indexefa7.html]
[kiti.wpbingosite.com/wp-content/uploads/2018/05/Blog-6-720x484.jpg]
[kiti.wpbingosite.com/home-2/indexa462.html]
[kiti.wpbingosite.com/home-2/index356f.html]
[kiti.wpbingosite.com/home-2/indexadde.html]
[kiti.wpbingosite.com/wp-content/uploads/elementor/css/post-195252d7b.css]
[kiti.wpbingosite.com/home-2/index03ab.html]
[kiti.wpbingosite.com/2017/04/19/lorem-ipsum-dolor-sit-amet/index.html]
[kiti.wpbingosite.com/wp-content/uploads/elementor/css/post-195232d7b.css]
[kiti.wpbingosite.com/home-2/index.html]
[kiti.wpbingosite.com/wp-content/uploads/elementor/css/post-9601fba4.css]
[kiti.wpbingosite.com/wp-json/wp/v2/pages/9601.json]
[kiti.wpbingosite.com/wp-json/oembed/1.0/embed45c7.json]
[kiti.wpbingosite.com/wp-json/oembed/1.0/embedbe6c]
[kiti.wpbingosite.com/wp-content/uploads/2020/12/Slider-1.jpg]
[kiti.wpbingosite.com/wp-content/uploads/2020/12/Slider-img-2.png]
[kiti.wpbingosite.com/wp-content/uploads/2020/12/Slider-img-1.png]
[kiti.wpbingosite.com/wp-content/uploads/2020/12/Slider-img-3.png]
[kiti.wpbingosite.com/wp-content/uploads/2020/12/Slider-img-4.png]
[kiti.wpbingosite.com/wp-content/uploads/2020/12/banner-1.jpg]
[kiti.wpbingosite.com/wp-content/uploads/2020/12/banner-2.jpg]
[kiti.wpbingosite.com/wp-content/uploads/2020/12/banner-3.jpg]
[kiti.wpbingosite.com/wp-content/uploads/2020/12/zhilips-hr1861-whole-fruit-juicer-4-600x600.jpg]
[kiti.wpbingosite.com/wp-content/uploads/2020/12/banner-5.jpg]
[kiti.wpbingosite.com/home-7/indexa863.html]
[kiti.wpbingosite.com/home-7/indexf442.html]
[kiti.wpbingosite.com/shop/zer0-3-sneaker/index.html]
[kiti.wpbingosite.com/wp-content/uploads/2020/12/banner-6.jpg]
[kiti.wpbingosite.com/home-7/index6141.html]
[kiti.wpbingosite.com/home-7/index2f7b.html]
[kiti.wpbingosite.com/home-7/index9e86.html]
[kiti.wpbingosite.com/home-7/indexf4e0.html]
[kiti.wpbingosite.com/wp-content/uploads/2020/12/banner-7.jpg]
[kiti.wpbingosite.com/home-7/indexefa7.html]
[kiti.wpbingosite.com/home-7/index1735.html]
[kiti.wpbingosite.com/home-7/index3c77.html]
[kiti.wpbingosite.com/home-7/index0a14.html]
[kiti.wpbingosite.com/home-7/index.html]
[kiti.wpbingosite.com/wp-content/uploads/elementor/css/post-11196fba4.css]
[kiti.wpbingosite.com/home-7/indexb540.html]
[kiti.wpbingosite.com/home-7/indexadde.html]
[kiti.wpbingosite.com/home-7/indexf04a.html]
[kiti.wpbingosite.com/home-7/indexa462.html]
[kiti.wpbingosite.com/home-7/index03ab.html]
[kiti.wpbingosite.com/wp-content/uploads/elementor/css/post-959337d2.css]
[kiti.wpbingosite.com/home-7/index356f.html]
[kiti.wpbingosite.com/wp-json/wp/v2/pages/9593.json]
[kiti.wpbingosite.com/wp-json/oembed/1.0/embed4f2a.json]
[kiti.wpbingosite.com/wp-json/oembed/1.0/embedf7a4]
[kiti.wpbingosite.com/wp-content/uploads/2020/12/Slider-5.jpg]
[kiti.wpbingosite.com/wp-content/uploads/2020/12/Slider-6.jpg]
[kiti.wpbingosite.com/wp-content/uploads/2020/12/Slider-7.jpg]
[kiti.wpbingosite.com/wp-content/uploads/2020/12/banner-13.jpg]
[kiti.wpbingosite.com/wp-content/uploads/2020/12/banner-4.png]
[kiti.wpbingosite.com/wp-content/uploads/2020/12/banner-14.jpg]
[kiti.wpbingosite.com/wp-content/uploads/2020/12/banner-15.jpg]
[kiti.wpbingosite.com/wp-content/uploads/2020/12/banner-5.png]
[kiti.wpbingosite.com/wp-content/uploads/2020/12/banner-3.png]
[kiti.wpbingosite.com/home-3/index94e8.html]
[kiti.wpbingosite.com/wp-content/uploads/2020/12/banner-2.png]
[kiti.wpbingosite.com/home-3/index1735.html]
[kiti.wpbingosite.com/home-3/index2d32.html]
[kiti.wpbingosite.com/home-3/index0a14.html]
[kiti.wpbingosite.com/home-3/indexb540.html]
[kiti.wpbingosite.com/home-3/indexb8cd.html]
[kiti.wpbingosite.com/home-3/indexc529.html]
[kiti.wpbingosite.com/home-3/indexf04a.html]
[kiti.wpbingosite.com/wp-content/uploads/elementor/css/post-11277ce18.css]
[kiti.wpbingosite.com/home-3/index.html]
[kiti.wpbingosite.com/home-3/index23a6.html]
[kiti.wpbingosite.com/home-3/index9ed0.html]
[kiti.wpbingosite.com/home-3/indexd1f8.html]
[kiti.wpbingosite.com/home-3/indexefa7.html]
[kiti.wpbingosite.com/home-3/index3c77.html]
[kiti.wpbingosite.com/wp-content/uploads/elementor/css/post-141480e2f.css]
[kiti.wpbingosite.com/author/demodemo-com/index.html]
[kiti.wpbingosite.com/wp-json/wp/v2/pages/14148.json]
[kiti.wpbingosite.com/wp-json/oembed/1.0/embedeebe.json]
[kiti.wpbingosite.com/wp-json/oembed/1.0/embedb1e7]
[kiti.wpbingosite.com/wp-content/uploads/2020/12/Slider-20.jpg]
[kiti.wpbingosite.com/wp-content/uploads/2020/12/Slider-21.jpg]
[kiti.wpbingosite.com/wp-content/uploads/2020/12/Slider-22.jpg]
[kiti.wpbingosite.com/wp-content/uploads/2020/12/home-8-5.jpg]
[kiti.wpbingosite.com/home-8/indexf4e0.html]
[kiti.wpbingosite.com/home-8/index2f7b.html]
[kiti.wpbingosite.com/home-8/index356f.html]
[kiti.wpbingosite.com/home-8/index03ab.html]
[kiti.wpbingosite.com/wp-content/uploads/2020/12/home-8-4.jpg]
[kiti.wpbingosite.com/home-8/indexd1f8.html]
[kiti.wpbingosite.com/home-8/indexa462.html]
[kiti.wpbingosite.com/home-8/index9ed0.html]
[kiti.wpbingosite.com/wp-content/uploads/2020/12/home-8-3.jpg]
[kiti.wpbingosite.com/home-8/indexf442.html]
[kiti.wpbingosite.com/home-8/indexadde.html]
[kiti.wpbingosite.com/home-8/indexf04a.html]
[kiti.wpbingosite.com/home-8/indexa863.html]
[kiti.wpbingosite.com/wp-content/uploads/2020/12/home-8-2.jpg]
[kiti.wpbingosite.com/home-8/indexb540.html]
[kiti.wpbingosite.com/home-8/indexc463.html]
[kiti.wpbingosite.com/home-8/index23a6.html]
[kiti.wpbingosite.com/home-8/indexc529.html]
[kiti.wpbingosite.com/wp-content/uploads/2020/12/home-8.jpg]
[kiti.wpbingosite.com/home-8/index.html]
[kiti.wpbingosite.com/wp-content/uploads/elementor/css/post-16928c5d5.css]
[kiti.wpbingosite.com/wp-content/uploads/elementor/css/post-9162e3da.css]
[kiti.wpbingosite.com/wp-json/wp/v2/pages/9162.json]
[kiti.wpbingosite.com/wp-json/oembed/1.0/embed7dca.json]
[kiti.wpbingosite.com/wp-json/oembed/1.0/embed1494]
[kiti.wpbingosite.com/wp-content/uploads/2020/12/Slider-8.jpg]
[kiti.wpbingosite.com/wp-content/uploads/2020/12/Slider-9.jpg]
[kiti.wpbingosite.com/wp-content/uploads/2020/12/Slider-10.jpg]
[kiti.wpbingosite.com/wp-content/uploads/2020/12/banner-16.jpg]
[kiti.wpbingosite.com/wp-content/uploads/2020/12/banner-17.jpg]
[kiti.wpbingosite.com/wp-content/uploads/2020/12/banner-18.jpg]
[kiti.wpbingosite.com/wp-content/uploads/2020/12/banner-6.png]
[kiti.wpbingosite.com/wp-content/uploads/2021/01/cat-3.jpg]
[kiti.wpbingosite.com/home-4/indexa863.html]
[kiti.wpbingosite.com/home-4/index9e86.html]
[kiti.wpbingosite.com/home-4/indexf442.html]
[kiti.wpbingosite.com/home-4/index6141.html]
[kiti.wpbingosite.com/wp-content/uploads/elementor/css/post-16882fb53.css]
[kiti.wpbingosite.com/home-4/index.html]
[kiti.wpbingosite.com/home-4/index2f7b.html]
[kiti.wpbingosite.com/home-4/indexf4e0.html]
[kiti.wpbingosite.com/home-4/index3c77.html]
[kiti.wpbingosite.com/home-4/indexd1f8.html]
[kiti.wpbingosite.com/wp-content/uploads/elementor/css/post-16788cf28.css]
[kiti.wpbingosite.com/home-4/indexefa7.html]
[kiti.wpbingosite.com/home-4/indexb8cd.html]
[kiti.wpbingosite.com/home-4/indexc529.html]
[kiti.wpbingosite.com/home-4/index23a6.html]
[kiti.wpbingosite.com/home-4/index9ed0.html]
[kiti.wpbingosite.com/wp-json/wp/v2/pages/16788.json]
[kiti.wpbingosite.com/wp-json/oembed/1.0/embed435a.json]
[kiti.wpbingosite.com/wp-json/oembed/1.0/embed1ed4]
[kiti.wpbingosite.com/wp-content/uploads/2020/12/Slider-23.jpg]
[kiti.wpbingosite.com/wp-content/uploads/2020/12/Slider-24.jpg]
[kiti.wpbingosite.com/wp-content/uploads/2020/12/Slider-25.jpg]
[kiti.wpbingosite.com/wp-content/uploads/2020/12/banner-41.jpg]
[kiti.wpbingosite.com/wp-content/uploads/2020/12/banner-42.jpg]
[kiti.wpbingosite.com/wp-content/uploads/2020/12/banner-43.jpg]
[kiti.wpbingosite.com/wp-content/plugins/wpbingo/lib/lookbook/images/bwp_lookbook/0_lookbook.png]
[kiti.wpbingosite.com/home-9/indexf4e0.html]
[kiti.wpbingosite.com/home-9/index2f7b.html]
[kiti.wpbingosite.com/home-9/index356f.html]
[kiti.wpbingosite.com/wp-content/uploads/2020/12/zhilips-hr1861-whole-fruit-juicer-2.jpg]
[kiti.wpbingosite.com/home-9/index9ed0.html]
[kiti.wpbingosite.com/home-9/indexa462.html]
[kiti.wpbingosite.com/home-9/index03ab.html]
[kiti.wpbingosite.com/home-9/indexd1f8.html]
[kiti.wpbingosite.com/wp-content/uploads/2020/12/zhilips-hr1861-whole-fruit-juicer-13.jpg]
[kiti.wpbingosite.com/home-9/indexa863.html]
[kiti.wpbingosite.com/home-9/indexadde.html]
[kiti.wpbingosite.com/home-9/indexf442.html]
[kiti.wpbingosite.com/wp-content/uploads/2020/12/zhilips-hr1861-whole-fruit-juicer-16.jpg]
[kiti.wpbingosite.com/wp-content/uploads/2020/12/zhilips-hr1861-whole-fruit-juicer-5.jpg]
[kiti.wpbingosite.com/home-9/indexf04a.html]
[kiti.wpbingosite.com/home-9/indexb540.html]
[kiti.wpbingosite.com/home-9/index94e8.html]
[kiti.wpbingosite.com/home-9/index0a14.html]
[kiti.wpbingosite.com/home-9/index1735.html]
[kiti.wpbingosite.com/wp-content/uploads/2020/12/banner-40.jpg]
[kiti.wpbingosite.com/home-9/indexb8cd.html]
[kiti.wpbingosite.com/home-9/index2d32.html]
[kiti.wpbingosite.com/home-9/indexc529.html]
[kiti.wpbingosite.com/home-9/index23a6.html]
[kiti.wpbingosite.com/wp-content/uploads/elementor/css/post-16930cf28.css]
[kiti.wpbingosite.com/home-9/index.html]
[kiti.wpbingosite.com/wp-content/uploads/elementor/css/post-11328b060.css]
[kiti.wpbingosite.com/home-9/indexefa7.html]
[kiti.wpbingosite.com/home-9/index3c77.html]
[kiti.wpbingosite.com/wp-json/wp/v2/pages/11328.json]
[kiti.wpbingosite.com/wp-json/oembed/1.0/embedd9b1.json]
[kiti.wpbingosite.com/wp-json/oembed/1.0/embed1915]
[kiti.wpbingosite.com/wp-content/uploads/2020/12/Slider-11.jpg]
[kiti.wpbingosite.com/wp-content/uploads/2020/12/Slider-12.jpg]
[kiti.wpbingosite.com/wp-content/uploads/2020/12/banner-23.jpg]
[kiti.wpbingosite.com/home-5/index2f7b.html]
[kiti.wpbingosite.com/home-5/index356f.html]
[kiti.wpbingosite.com/home-5/indexf4e0.html]
[kiti.wpbingosite.com/home-5/index03ab.html]
[kiti.wpbingosite.com/wp-content/uploads/2020/12/banner-24.jpg]
[kiti.wpbingosite.com/home-5/indexa462.html]
[kiti.wpbingosite.com/home-5/index9ed0.html]
[kiti.wpbingosite.com/home-5/indexadde.html]
[kiti.wpbingosite.com/home-5/indexd1f8.html]
[kiti.wpbingosite.com/wp-content/uploads/2020/12/banner-25.jpg]
[kiti.wpbingosite.com/home-5/indexb540.html]
[kiti.wpbingosite.com/home-5/indexf442.html]
[kiti.wpbingosite.com/home-5/indexa863.html]
[kiti.wpbingosite.com/home-5/indexf04a.html]
[kiti.wpbingosite.com/wp-content/uploads/2020/12/banner-26.jpg]
[kiti.wpbingosite.com/wp-content/uploads/elementor/css/post-1690300d4.css]
[kiti.wpbingosite.com/home-5/index.html]
[kiti.wpbingosite.com/home-5/index23a6.html]
[kiti.wpbingosite.com/home-5/indexc463.html]
[kiti.wpbingosite.com/home-5/index2d32.html]
[kiti.wpbingosite.com/home-5/indexc529.html]
[kiti.wpbingosite.com/wp-content/uploads/elementor/css/post-16791c02c.css]
[kiti.wpbingosite.com/home-5/indexb8cd.html]
[kiti.wpbingosite.com/wp-json/wp/v2/pages/16791.json]
[kiti.wpbingosite.com/wp-json/oembed/1.0/embeddb23.json]
[kiti.wpbingosite.com/wp-json/oembed/1.0/embed2d4b]
[kiti.wpbingosite.com/wp-content/uploads/2020/12/Slider-26.jpg]
[kiti.wpbingosite.com/wp-content/uploads/2021/01/Slider-img-5.png]
[kiti.wpbingosite.com/wp-content/uploads/2020/12/Slider-27.jpg]
[kiti.wpbingosite.com/wp-content/uploads/2020/12/Slider-28.jpg]
[kiti.wpbingosite.com/wp-content/uploads/2020/12/banner-46.jpg]
[kiti.wpbingosite.com/wp-content/uploads/2020/12/banner-47.jpg]
[kiti.wpbingosite.com/wp-content/uploads/2020/12/banner-49.jpg]
[kiti.wpbingosite.com/wp-content/uploads/2020/12/banner-50.jpg]
[kiti.wpbingosite.com/wp-content/uploads/2020/12/banner-48.jpg]
[kiti.wpbingosite.com/wp-content/uploads/2020/12/banner-51.jpg]
[kiti.wpbingosite.com/wp-content/uploads/2021/01/banner-53.jpg]
[kiti.wpbingosite.com/home-10/index.html]
[kiti.wpbingosite.com/home-10/index94e8.html]
[kiti.wpbingosite.com/home-10/indexf04a.html]
[kiti.wpbingosite.com/home-10/index1735.html]
[kiti.wpbingosite.com/home-10/index0a14.html]
[kiti.wpbingosite.com/home-10/index2d32.html]
[kiti.wpbingosite.com/home-10/indexb540.html]
[kiti.wpbingosite.com/home-10/indexc529.html]
[kiti.wpbingosite.com/home-10/index23a6.html]
[kiti.wpbingosite.com/home-10/indexd1f8.html]
[kiti.wpbingosite.com/home-10/indexb8cd.html]
[kiti.wpbingosite.com/shop/index68fa.html]
[kiti.wpbingosite.com/home-10/index3c77.html]
[kiti.wpbingosite.com/home-10/index9ed0.html]
[kiti.wpbingosite.com/home-10/indexa462.html]
[kiti.wpbingosite.com/home-10/indexefa7.html]
[kiti.wpbingosite.com/home-10/indexadde.html]
[kiti.wpbingosite.com/home-10/index356f.html]
[kiti.wpbingosite.com/home-10/index03ab.html]
[kiti.wpbingosite.com/shop/indexfddf.html]
[kiti.wpbingosite.com/home-10/index2f7b.html]
[kiti.wpbingosite.com/shop/indexcdac.html]
[kiti.wpbingosite.com/home-10/indexc463.html]
[kiti.wpbingosite.com/home-10/indexf4e0.html]
[kiti.wpbingosite.com/shop/index74c4.html]
[kiti.wpbingosite.com/shop/indexfc66.html]
[kiti.wpbingosite.com/shop/index1fc3.html]
[kiti.wpbingosite.com/shop/index8974.html]
[kiti.wpbingosite.com/shop/index25e1.html]
[kiti.wpbingosite.com/shop/index3369.html]
[kiti.wpbingosite.com/shop/index2ac7.html]
[kiti.wpbingosite.com/shop/index8f3e.html]
[kiti.wpbingosite.com/shop/indexabd1.html]
[kiti.wpbingosite.com/shop/index86ba.html]
[kiti.wpbingosite.com/shop/page/2/index68fa.html]
[kiti.wpbingosite.com/shop/indexd262.html]
[kiti.wpbingosite.com/shop/index308d.html]
[kiti.wpbingosite.com/shop/index3514.html]
[kiti.wpbingosite.com/wp-json/wp/v2/product_cat/386.json]
[kiti.wpbingosite.com/shop/index5d24.html]
[kiti.wpbingosite.com/shop/index0279.html]
[kiti.wpbingosite.com/shop/index6eaa.html]
[kiti.wpbingosite.com/shop/indexe4c8.html]
[kiti.wpbingosite.com/shop/index85b5.html]
[kiti.wpbingosite.com/product-category/glassware/indexd68e.html]
[kiti.wpbingosite.com/product-category/glassware/feed/index.html]
[kiti.wpbingosite.com/shop/index8290.html]
[kiti.wpbingosite.com/shop/page/2/index3369.html]
[kiti.wpbingosite.com/shop/index23f4.html]
[kiti.wpbingosite.com/product-category/glassware/index6cf7.html]
[kiti.wpbingosite.com/product-category/glassware/index91eb.html]
[kiti.wpbingosite.com/product-category/glassware/index3075.html]
[kiti.wpbingosite.com/product-category/glassware/index8092.html]
[kiti.wpbingosite.com/product-category/glassware/indexf0d2.html]
[kiti.wpbingosite.com/shop/index4d07.html]
[kiti.wpbingosite.com/product-category/glassware/indexa855.html]
[kiti.wpbingosite.com/product-category/glassware/indexdf52.html]
[kiti.wpbingosite.com/product-category/glassware/index6197.html]
[kiti.wpbingosite.com/product-category/glassware/index42fa.html]
[kiti.wpbingosite.com/product-category/glassware/indexf815.html]
[kiti.wpbingosite.com/product-category/glassware/indexd1f8.html]
[kiti.wpbingosite.com/product-category/glassware/indexf04a.html]
[kiti.wpbingosite.com/product-category/glassware/index9ed0.html]
[kiti.wpbingosite.com/product-category/glassware/indexb540.html]
[kiti.wpbingosite.com/shop/indexd68e.html]
[kiti.wpbingosite.com/product-category/glassware/indexc529.html]
[kiti.wpbingosite.com/product-category/glassware/index2d32.html]
[kiti.wpbingosite.com/product-category/glassware/indexb8cd.html]
[kiti.wpbingosite.com/product-category/glassware/index23a6.html]
[kiti.wpbingosite.com/product-category/glassware/index1735.html]
[kiti.wpbingosite.com/product-category/glassware/index94e8.html]
[kiti.wpbingosite.com/product-category/glassware/index0a14.html]
[kiti.wpbingosite.com/shop/indexd9ad.html]
[kiti.wpbingosite.com/shop/index8f8f.html]
[kiti.wpbingosite.com/shop/indexaf48.html]
[kiti.wpbingosite.com/shop/index0eee.html]
[kiti.wpbingosite.com/shop/indexbc0b.html]
[kiti.wpbingosite.com/shop/index84f1.html]
[kiti.wpbingosite.com/shop/index7807.html]
[kiti.wpbingosite.com/shop/index523b.html]
[kiti.wpbingosite.com/shop/index4977.html]
[kiti.wpbingosite.com/shop/page/2/index4d07.html]
[kiti.wpbingosite.com/shop/index0bac.html]
[kiti.wpbingosite.com/shop/index69c3.html]
[kiti.wpbingosite.com/shop/index9b51.html]
[kiti.wpbingosite.com/shop/index3075.html]
[kiti.wpbingosite.com/shop/index6cf7.html]
[kiti.wpbingosite.com/shop/index91eb.html]
[kiti.wpbingosite.com/shop/indexf0d2.html]
[kiti.wpbingosite.com/shop/indexdf52.html]
[kiti.wpbingosite.com/shop/index8092.html]
[kiti.wpbingosite.com/shop/index42fa.html]
[kiti.wpbingosite.com/shop/index6197.html]
[kiti.wpbingosite.com/shop/indexa855.html]
[kiti.wpbingosite.com/shop/page/2/indexd68e.html]
[kiti.wpbingosite.com/shop/index415b.html]
[kiti.wpbingosite.com/shop/indexf815.html]
[kiti.wpbingosite.com/shop/index74e4.html]
[kiti.wpbingosite.com/shop/index6d94.html]
[kiti.wpbingosite.com/shop/index289c.html]
[kiti.wpbingosite.com/shop/index719a.html]
[kiti.wpbingosite.com/shop/index6272.html]
[kiti.wpbingosite.com/shop/indexb91e.html]
[kiti.wpbingosite.com/shop/page/2/indexaf48.html]
[kiti.wpbingosite.com/shop/indexdf13.html]
[kiti.wpbingosite.com/shop/index3648.html]
[kiti.wpbingosite.com/shop/indexe2be.html]
[kiti.wpbingosite.com/shop/indexc23c.html]
[kiti.wpbingosite.com/shop/indexb8cc.html]
[kiti.wpbingosite.com/shop/index144d.html]
[kiti.wpbingosite.com/shop/indexbe32.html]
[kiti.wpbingosite.com/shop/index64af.html]
[kiti.wpbingosite.com/shop/index7c74.html]
[kiti.wpbingosite.com/shop/indexb543.html]
[kiti.wpbingosite.com/shop/index76a0.html]
[kiti.wpbingosite.com/shop/indexa752.html]
[kiti.wpbingosite.com/shop/page/2/index9b51.html]
[kiti.wpbingosite.com/shop/index0aa9.html]
[kiti.wpbingosite.com/shop/index5635.html]
[kiti.wpbingosite.com/shop/index849f.html]
[kiti.wpbingosite.com/shop/indexffd4.html]
[kiti.wpbingosite.com/shop/index7d72.html]
[kiti.wpbingosite.com/shop/index8d06.html]
[kiti.wpbingosite.com/shop/indexcc57.html]
[kiti.wpbingosite.com/shop/index8336.html]
[kiti.wpbingosite.com/shop/page/2/index74e4.html]
[kiti.wpbingosite.com/shop/index8346.html]
[kiti.wpbingosite.com/shop/index2501.html]
[kiti.wpbingosite.com/shop/indexbd78.html]
[kiti.wpbingosite.com/shop/index6102.html]
[kiti.wpbingosite.com/shop/index6180.html]
[kiti.wpbingosite.com/shop/indexcc3c.html]
[kiti.wpbingosite.com/shop/index3b3f.html]
[kiti.wpbingosite.com/shop/indexc9d6.html]
[kiti.wpbingosite.com/shop/indexb677.html]
[kiti.wpbingosite.com/shop/index979e.html]
[kiti.wpbingosite.com/shop/indexc172.html]
[kiti.wpbingosite.com/shop/index857a.html]
[kiti.wpbingosite.com/shop/indexf4f8.html]
[kiti.wpbingosite.com/shop/page/2/indexbe32.html]
[kiti.wpbingosite.com/shop/index1649.html]
[kiti.wpbingosite.com/shop/index0838.html]
[kiti.wpbingosite.com/shop/index5724.html]
[kiti.wpbingosite.com/shop/indexfd2f.html]
[kiti.wpbingosite.com/shop/indexc6d1.html]
[kiti.wpbingosite.com/shop/indexaa82.html]
[kiti.wpbingosite.com/shop/index2216.html]
[kiti.wpbingosite.com/shop/indexce49.html]
[kiti.wpbingosite.com/shop/indexd63b.html]
[kiti.wpbingosite.com/shop/indexa7c1.html]
[kiti.wpbingosite.com/shop/indexcd4c.html]
[kiti.wpbingosite.com/shop/page/2/indexcc57.html]
[kiti.wpbingosite.com/shop/indexb0ff.html]
[kiti.wpbingosite.com/shop/indexf42f.html]
[kiti.wpbingosite.com/shop/index47c1.html]
[kiti.wpbingosite.com/shop/index13ab.html]
[kiti.wpbingosite.com/shop/index1d25.html]
[kiti.wpbingosite.com/shop/index81c2.html]
[kiti.wpbingosite.com/shop/indexd924.html]
[kiti.wpbingosite.com/shop/page/2/indexb677.html]
[kiti.wpbingosite.com/shop/index21f7.html]
[kiti.wpbingosite.com/shop/indexe5f0.html]
[kiti.wpbingosite.com/shop/indexdb7c.html]
[kiti.wpbingosite.com/shop/index0eb4.html]
[kiti.wpbingosite.com/shop/index63f4.html]
[kiti.wpbingosite.com/shop/index75b9.html]
[kiti.wpbingosite.com/shop/indexed05.html]
[kiti.wpbingosite.com/shop/index2960.html]
[kiti.wpbingosite.com/shop/index8db2.html]
[kiti.wpbingosite.com/shop/index61de.html]
[kiti.wpbingosite.com/shop/index7295.html]
[kiti.wpbingosite.com/shop/index11ab.html]
[kiti.wpbingosite.com/shop/index0f54.html]
[kiti.wpbingosite.com/shop/index7ab4.html]
[kiti.wpbingosite.com/shop/index23ba.html]
[kiti.wpbingosite.com/shop/index97f3.html]
[kiti.wpbingosite.com/shop/indexb9a8.html]
[kiti.wpbingosite.com/shop/indexd777.html]
[kiti.wpbingosite.com/shop/index0693.html]
[kiti.wpbingosite.com/shop/index32b5.html]
[kiti.wpbingosite.com/shop/index528a.html]
[kiti.wpbingosite.com/shop/index4a7e.html]
[kiti.wpbingosite.com/shop/indexa1d7.html]
[kiti.wpbingosite.com/shop/index35a4.html]
[kiti.wpbingosite.com/shop/index8496.html]
[kiti.wpbingosite.com/shop/index13bd.html]
[kiti.wpbingosite.com/shop/indexf7df.html]
[kiti.wpbingosite.com/shop/indexdef1.html]
[kiti.wpbingosite.com/shop/index22aa.html]
[kiti.wpbingosite.com/shop/indexf9e1.html]
[kiti.wpbingosite.com/shop/index9ebb.html]
[kiti.wpbingosite.com/shop/index38d1.html]
[kiti.wpbingosite.com/shop/index4493.html]
[kiti.wpbingosite.com/shop/index8d73.html]
[kiti.wpbingosite.com/shop/index0127.html]
[kiti.wpbingosite.com/shop/page/2/index23ba.html]
[kiti.wpbingosite.com/shop/index956c.html]
[kiti.wpbingosite.com/shop/indexc868.html]
[kiti.wpbingosite.com/shop/index4c79.html]
[kiti.wpbingosite.com/shop/indexe3be.html]
[kiti.wpbingosite.com/shop/indexc5a6.html]
[kiti.wpbingosite.com/shop/indexb941.html]
[kiti.wpbingosite.com/shop/indexf674.html]
[kiti.wpbingosite.com/shop/index24b9.html]
[kiti.wpbingosite.com/shop/index947f.html]
[kiti.wpbingosite.com/shop/index1256.html]
[kiti.wpbingosite.com/shop/index16f1.html]
[kiti.wpbingosite.com/wp-json/wp/v2/pages/14932.json]
[kiti.wpbingosite.com/shop/indexd192.html]
[kiti.wpbingosite.com/shop/indexefe0.html]
[kiti.wpbingosite.com/shop/page/2/index22aa.html]
[kiti.wpbingosite.com/shop/index438e.html]
[kiti.wpbingosite.com/wp-json/oembed/1.0/embed9a20.json]
[kiti.wpbingosite.com/shop/indexf737.html]
[kiti.wpbingosite.com/shop/index827d.html]
[kiti.wpbingosite.com/shop/indexc0fd.html]
[kiti.wpbingosite.com/shop/index6c52.html]
[kiti.wpbingosite.com/wp-json/oembed/1.0/embed1424]
[kiti.wpbingosite.com/shop/indexd8b4.html]
[kiti.wpbingosite.com/shop/indexc0a1.html]
[kiti.wpbingosite.com/shop/indexbbb1.html]
[kiti.wpbingosite.com/shop/indexdaea.html]
[kiti.wpbingosite.com/shop/index5ff8.html]
[kiti.wpbingosite.com/shop/page/2/indexe3be.html]
[kiti.wpbingosite.com/order-tracking/index.html]
[kiti.wpbingosite.com/index3361.html]
[kiti.wpbingosite.com/indexed9f.html]
[kiti.wpbingosite.com/wp-content/plugins/woocommerce/assets/js/frontend/country-select.min5c8b.js]
[kiti.wpbingosite.com/wp-content/plugins/woocommerce/assets/js/frontend/address-i18n.min5c8b.js]
[kiti.wpbingosite.com/wp-content/plugins/woocommerce/assets/js/frontend/cart.min5c8b.js]
[kiti.wpbingosite.com/wp-json/wp/v2/pages/17.json]
[kiti.wpbingosite.com/wp-json/oembed/1.0/embedc195.json]
[kiti.wpbingosite.com/wp-json/oembed/1.0/embed7d7b]
[kiti.wpbingosite.com/cart/index.html]
[kiti.wpbingosite.com/checkout/indexb7a3.html]
[kiti.wpbingosite.com/wp-content/plugins/woocommerce/assets/js/frontend/single-product.min5c8b.js]
[kiti.wpbingosite.com/wp-json/wp/v2/product/16541.json]
[kiti.wpbingosite.com/shop/midnight-sky-ocean-sounds/feed/index.html]
[kiti.wpbingosite.com/wp-json/oembed/1.0/embedf237.json]
[kiti.wpbingosite.com/wp-json/oembed/1.0/embedc82e]
[kiti.wpbingosite.com/wp-content/uploads/2020/12/zhilips-hr1861-whole-fruit-juicer-10.jpg]
[kiti.wpbingosite.com/wp-content/uploads/2020/12/zhilips-hr1861-whole-fruit-juicer-9.jpg]
[kiti.wpbingosite.com/wp-content/uploads/2020/12/zhilips-hr1861-whole-fruit-juicer-3.jpg]
[kiti.wpbingosite.com/shop/midnight-sky-ocean-sounds/index2d32.html]
[kiti.wpbingosite.com/product-tag/hot/index.html]
[kiti.wpbingosite.com/product-tag/trend/index.html]
[www.facebook.com/share_channel/index44d7.html]
[secure.gravatar.com/avatar/9956d6a8168de87560ad6918838818f2c3a1995f2575285da6609a748322863cc50c.jpg]
[kiti.wpbingosite.com/shop/midnight-sky-ocean-sounds/index.html]
[kiti.wpbingosite.com/wp-includes/js/comment-reply.mina784.js]
[kiti.wpbingosite.com/shop/midnight-sky-ocean-sounds/index0a14.html]
[kiti.wpbingosite.com/wp-json/wp/v2/product/7840.json]
[kiti.wpbingosite.com/shop/midnight-sky-ocean-sounds/index1735.html]
[kiti.wpbingosite.com/shop/midnight-sky-ocean-sounds/indexf442.html]
[kiti.wpbingosite.com/shop/midnight-sky-ocean-sounds/indexa863.html]
[kiti.wpbingosite.com/shop/midnight-sky-ocean-sounds/index6af8.html]
[kiti.wpbingosite.com/wp-json/oembed/1.0/embedbe06.json]
[kiti.wpbingosite.com/shop/graphic-training-top/feed/index.html]
[kiti.wpbingosite.com/shop/midnight-sky-ocean-sounds/index9e86.html]
[kiti.wpbingosite.com/shop/midnight-sky-ocean-sounds/index94e8.html]
[kiti.wpbingosite.com/wp-json/oembed/1.0/embedfe7e]
[kiti.wpbingosite.com/wp-content/uploads/2020/12/zhilips-hr1861-whole-fruit-juicer-6.jpg]
[kiti.wpbingosite.com/wp-content/uploads/2020/12/zhilips-hr1861-whole-fruit-juicer-7.jpg]
[kiti.wpbingosite.com/wp-content/uploads/2020/12/zhilips-hr1861-whole-fruit-juicer-17.jpg]
[kiti.wpbingosite.com/product-tag/life-style/index.html]
[kiti.wpbingosite.com/shop/graphic-training-top/indexf442.html]
[www.facebook.com/share_channel/index705f.html]
[kiti.wpbingosite.com/shop/graphic-training-top/indexe5c8.html]
[kiti.wpbingosite.com/shop/graphic-training-top/indexb8cd.html]
[kiti.wpbingosite.com/shop/graphic-training-top/indexd1f8.html]
[kiti.wpbingosite.com/wp-json/wp/v2/product/16508.json]
[kiti.wpbingosite.com/shop/graphic-training-top/index9ed0.html]
[kiti.wpbingosite.com/shop/graphic-training-top/indexa462.html]
[kiti.wpbingosite.com/shop/graphic-training-top/indexadde.html]
[kiti.wpbingosite.com/wp-json/oembed/1.0/embed7cfc.json]
[kiti.wpbingosite.com/shop/graphic-training-top/indexc529.html]
[kiti.wpbingosite.com/shop/graphic-training-top/index23a6.html]
[kiti.wpbingosite.com/shop/graphic-training-top/indexf04a.html]
[kiti.wpbingosite.com/shop/graphic-training-top/indexb540.html]
[kiti.wpbingosite.com/wp-json/oembed/1.0/embedfccf]
[kiti.wpbingosite.com/shop/backbeat-fit-3200/feed/index.html]
[www.youtube.com/watch4e52.html]
[kiti.wpbingosite.com/wp-content/uploads/2020/12/zhilips-hr1861-whole-fruit-juicer-12.jpg]
[kiti.wpbingosite.com/wp-content/uploads/2020/12/zhilips-hr1861-whole-fruit-juicer.jpg]
[kiti.wpbingosite.com/shop/backbeat-fit-3200/index2f7b.html]
[www.facebook.com/share_channel/indexdb62.html]
[kiti.wpbingosite.com/shop/backbeat-fit-3200/index.html]
[kiti.wpbingosite.com/shop/backbeat-fit-3200/indexc346.html]
[kiti.wpbingosite.com/shop/backbeat-fit-3200/index650d.html]
[kiti.wpbingosite.com/shop/backbeat-fit-3200/indexa863.html]
[kiti.wpbingosite.com/wp-json/wp/v2/product/3986.json]
[kiti.wpbingosite.com/shop/backbeat-fit-3200/index23a6.html]
[kiti.wpbingosite.com/shop/backbeat-fit-3200/indexf442.html]
[kiti.wpbingosite.com/wp-json/oembed/1.0/embed81be.json]
[kiti.wpbingosite.com/shop/backbeat-fit-3200/index9e86.html]
[kiti.wpbingosite.com/shop/backbeat-fit-3200/index3c77.html]
[kiti.wpbingosite.com/shop/backbeat-fit-3200/indexc529.html]
[kiti.wpbingosite.com/shop/backbeat-fit-3200/indexefa7.html]
[kiti.wpbingosite.com/wp-json/oembed/1.0/embed19be]
[kiti.wpbingosite.com/shop/product-view-360/feed/index.html]
[kiti.wpbingosite.com/wp-content/uploads/2018/05/product-view-360-12.jpg]
[kiti.wpbingosite.com/wp-content/uploads/2018/05/product-view-360-11.jpg]
[kiti.wpbingosite.com/wp-content/uploads/2018/05/product-view-360-10.jpg]
[kiti.wpbingosite.com/wp-content/uploads/2018/05/product-view-360-9.jpg]
[kiti.wpbingosite.com/wp-content/uploads/2018/05/product-view-360-8.jpg]
[kiti.wpbingosite.com/wp-content/uploads/2018/05/product-view-360-7.jpg]
[kiti.wpbingosite.com/wp-content/uploads/2018/05/product-view-360-6.jpg]
[kiti.wpbingosite.com/wp-content/uploads/2018/05/product-view-360-5.jpg]
[kiti.wpbingosite.com/wp-content/uploads/2018/05/product-view-360-4.jpg]
[kiti.wpbingosite.com/wp-content/uploads/2018/05/product-view-360-3.jpg]
[kiti.wpbingosite.com/wp-content/uploads/2018/05/product-view-360-2.jpg]
[kiti.wpbingosite.com/wp-content/uploads/2018/05/product-view-360.jpg]
[kiti.wpbingosite.com/shop/product-view-360/indexc346.html]
[www.facebook.com/share_channel/index102f.html]
[kiti.wpbingosite.com/shop/product-view-360/index.html]
[kiti.wpbingosite.com/shop/product-view-360/indexa462.html]
[kiti.wpbingosite.com/shop/product-view-360/indexadde.html]
[kiti.wpbingosite.com/shop/product-view-360/indexf4e0.html]
[kiti.wpbingosite.com/shop/product-view-360/index356f.html]
[kiti.wpbingosite.com/shop/product-view-360/index2f7b.html]
[kiti.wpbingosite.com/shop/product-view-360/index03ab.html]
[kiti.wpbingosite.com/shop/younger-kids-jdi-t-shirt/index.html]
[kiti.wpbingosite.com/shop/graphic-training-top/index.html]
[kiti.wpbingosite.com/shop/product-view-360/index309f.html]
[kiti.wpbingosite.com/shop/product-view-360/indexda72.html]
[kiti.wpbingosite.com/shop/product-view-360/index3c77.html]
[kiti.wpbingosite.com/shop/graphic-training-top/index2d32.html]
[kiti.wpbingosite.com/shop/graphic-training-top/indexf4e0.html]
[kiti.wpbingosite.com/wp-json/wp/v2/product/16536.json]
[kiti.wpbingosite.com/shop/product-view-360/indexefa7.html]
[kiti.wpbingosite.com/shop/graphic-training-top/index2f7b.html]
[kiti.wpbingosite.com/shop/graphic-training-top/index6af8.html]
[kiti.wpbingosite.com/wp-json/oembed/1.0/embed4318.json]
[kiti.wpbingosite.com/shop/heston-boiler-espresso-machine/feed/index.html]
[kiti.wpbingosite.com/shop/graphic-training-top/indexefa7.html]
[kiti.wpbingosite.com/shop/graphic-training-top/index94e8.html]
[kiti.wpbingosite.com/shop/graphic-training-top/index3c77.html]
[kiti.wpbingosite.com/wp-json/oembed/1.0/embedc794]
[kiti.wpbingosite.com/shop/heston-boiler-espresso-machine/indexb540.html]
[www.facebook.com/share_channel/indexbc8d.html]
[kiti.wpbingosite.com/shop/heston-boiler-espresso-machine/index.html]
[kiti.wpbingosite.com/shop/heston-boiler-espresso-machine/index2d32.html]
[kiti.wpbingosite.com/shop/heston-boiler-espresso-machine/indexa863.html]
[kiti.wpbingosite.com/wp-json/wp/v2/product/16531.json]
[kiti.wpbingosite.com/shop/heston-boiler-espresso-machine/indexf442.html]
[kiti.wpbingosite.com/shop/heston-boiler-espresso-machine/indexc463.html]
[kiti.wpbingosite.com/wp-json/oembed/1.0/embedb07c.json]
[kiti.wpbingosite.com/shop/heston-boiler-espresso-machine/indexefa7.html]
[kiti.wpbingosite.com/shop/heston-boiler-espresso-machine/index3c77.html]
[kiti.wpbingosite.com/shop/heston-boiler-espresso-machine/index356f.html]
[kiti.wpbingosite.com/shop/heston-boiler-espresso-machine/index03ab.html]
[kiti.wpbingosite.com/wp-json/oembed/1.0/embed9ffc]
[kiti.wpbingosite.com/shop/natus-erro-at-congue-massa/feed/index.html]
[kiti.wpbingosite.com/wp-content/uploads/2020/12/zhilips-hr1861-whole-fruit-juicer-4.jpg]
[kiti.wpbingosite.com/shop/natus-erro-at-congue-massa/indexb8cd.html]
[www.facebook.com/share_channel/indexdff6.html]
[kiti.wpbingosite.com/shop/natus-erro-at-congue-massa/index423b.html]
[kiti.wpbingosite.com/shop/natus-erro-at-congue-massa/index1735.html]
[kiti.wpbingosite.com/shop/natus-erro-at-congue-massa/index0a14.html]
[kiti.wpbingosite.com/wp-json/wp/v2/product/16588.json]
[kiti.wpbingosite.com/shop/natus-erro-at-congue-massa/index9e86.html]
[kiti.wpbingosite.com/shop/natus-erro-at-congue-massa/indexa462.html]
[kiti.wpbingosite.com/wp-json/oembed/1.0/embed19c9.json]
[kiti.wpbingosite.com/shop/natus-erro-at-congue-massa/index94e8.html]
[kiti.wpbingosite.com/shop/natus-erro-at-congue-massa/index6af8.html]
[kiti.wpbingosite.com/shop/natus-erro-at-congue-massa/indexadde.html]
[kiti.wpbingosite.com/shop/philips-hr1861-whole-fruit-juicer/feed/index.html]
[kiti.wpbingosite.com/wp-json/oembed/1.0/embed5869]
[kiti.wpbingosite.com/wp-content/uploads/2020/12/Untitled-27.jpg]
[kiti.wpbingosite.com/wp-content/uploads/2020/12/Untitled-24.jpg]
[kiti.wpbingosite.com/wp-content/uploads/2020/12/Untitled-24-1000x1000.jpg]
[kiti.wpbingosite.com/wp-content/uploads/2020/12/Untitled-25.jpg]
[kiti.wpbingosite.com/wp-content/uploads/2020/12/Untitled-25-1000x1000.jpg]
[kiti.wpbingosite.com/wp-content/uploads/2020/12/Untitled-26.jpg]
[kiti.wpbingosite.com/wp-content/uploads/2020/12/Untitled-26-1000x1000.jpg]
[kiti.wpbingosite.com/shop/philips-hr1861-whole-fruit-juicer/index94e8.html]
[www.facebook.com/share_channel/index6909.html]
[kiti.wpbingosite.com/shop/philips-hr1861-whole-fruit-juicer/index8f75.html]
[kiti.wpbingosite.com/shop/philips-hr1861-whole-fruit-juicer/index356f.html]
[kiti.wpbingosite.com/shop/philips-hr1861-whole-fruit-juicer/index03ab.html]
[kiti.wpbingosite.com/wp-json/wp/v2/product/16546.json]
[kiti.wpbingosite.com/shop/philips-hr1861-whole-fruit-juicer/index6af8.html]
[kiti.wpbingosite.com/shop/philips-hr1861-whole-fruit-juicer/index2d32.html]
[kiti.wpbingosite.com/wp-json/oembed/1.0/embed13d4.json]
[kiti.wpbingosite.com/shop/philips-hr1861-whole-fruit-juicer/index9e86.html]
[kiti.wpbingosite.com/shop/philips-hr1861-whole-fruit-juicer/index3c77.html]
[kiti.wpbingosite.com/shop/panasonic-in-ear-stereo-earphones/feed/index.html]
[kiti.wpbingosite.com/shop/philips-hr1861-whole-fruit-juicer/indexefa7.html]
[kiti.wpbingosite.com/wp-json/oembed/1.0/embeda42c]
[kiti.wpbingosite.com/shop/panasonic-in-ear-stereo-earphones/index1735.html]
[www.facebook.com/share_channel/index45b8.html]
[kiti.wpbingosite.com/shop/panasonic-in-ear-stereo-earphones/index3b4a.html]
[kiti.wpbingosite.com/shop/panasonic-in-ear-stereo-earphones/index3c77.html]
[kiti.wpbingosite.com/shop/panasonic-in-ear-stereo-earphones/indexefa7.html]
[kiti.wpbingosite.com/shop/panasonic-in-ear-stereo-earphones/index6af8.html]
[kiti.wpbingosite.com/shop/panasonic-in-ear-stereo-earphones/index2d32.html]
[kiti.wpbingosite.com/shop/panasonic-in-ear-stereo-earphones/index9ed0.html]
[kiti.wpbingosite.com/shop/panasonic-in-ear-stereo-earphones/indexd1f8.html]
[kiti.wpbingosite.com/shop/panasonic-in-ear-stereo-earphones/index.html]
[kiti.wpbingosite.com/shop/panasonic-in-ear-stereo-earphones/indexa863.html]
[kiti.wpbingosite.com/shop/panasonic-in-ear-stereo-earphones/indexf442.html]
[kiti.wpbingosite.com/shop/panasonic-in-ear-stereo-earphones/index356f.html]
[kiti.wpbingosite.com/shop/panasonic-in-ear-stereo-earphones/index03ab.html]
[kiti.wpbingosite.com/shop/panasonic-in-ear-stereo-earphones/indexadde.html]
[kiti.wpbingosite.com/shop/panasonic-in-ear-stereo-earphones/index94e8.html]
[kiti.wpbingosite.com/shop/panasonic-in-ear-stereo-earphones/indexa462.html]
[kiti.wpbingosite.com/shop/natus-erro-at-congue-massa/index.html]
[kiti.wpbingosite.com/shop/natus-erro-at-congue-massa/indexf4e0.html]
[kiti.wpbingosite.com/shop/natus-erro-at-congue-massa/index9ed0.html]
[kiti.wpbingosite.com/shop/natus-erro-at-congue-massa/indexc463.html]
[kiti.wpbingosite.com/shop/natus-erro-at-congue-massa/indexd1f8.html]
[kiti.wpbingosite.com/wp-json/wp/v2/product/10454.json]
[kiti.wpbingosite.com/shop/natus-erro-at-congue-massa/index2f7b.html]
[kiti.wpbingosite.com/shop/natus-erro-at-congue-massa/indexc529.html]
[kiti.wpbingosite.com/wp-json/oembed/1.0/embed12fa.json]
[kiti.wpbingosite.com/shop/natus-erro-at-congue-massa/index23a6.html]
[kiti.wpbingosite.com/shop/natus-erro-at-congue-massa/index356f.html]
[kiti.wpbingosite.com/shop/react-metcon-training/feed/index.html]
[kiti.wpbingosite.com/shop/natus-erro-at-congue-massa/index03ab.html]
[kiti.wpbingosite.com/wp-json/oembed/1.0/embed51e9]
[kiti.wpbingosite.com/shop/react-metcon-training/index9e86.html]
[kiti.wpbingosite.com/product-tag/women/index.html]
[www.facebook.com/share_channel/index909a.html]
[kiti.wpbingosite.com/shop/react-metcon-training/index.html]
[kiti.wpbingosite.com/shop/react-metcon-training/indexa462.html]
[kiti.wpbingosite.com/shop/react-metcon-training/index2d32.html]
[kiti.wpbingosite.com/wp-json/wp/v2/product/2908.json]
[kiti.wpbingosite.com/shop/react-metcon-training/indexadde.html]
[kiti.wpbingosite.com/shop/react-metcon-training/index0a14.html]
[kiti.wpbingosite.com/wp-json/oembed/1.0/embed0393.json]
[kiti.wpbingosite.com/shop/react-metcon-training/indexf04a.html]
[kiti.wpbingosite.com/shop/react-metcon-training/indexb540.html]
[kiti.wpbingosite.com/shop/react-metcon-training/index1735.html]
[kiti.wpbingosite.com/shop/react-metcon-training/index94e8.html]
[kiti.wpbingosite.com/wp-json/oembed/1.0/embeda820]
[kiti.wpbingosite.com/shop/paris-saint-germain/feed/index.html]
[kiti.wpbingosite.com/shop/paris-saint-germain/index6af8.html]
[www.facebook.com/share_channel/indexc68f.html]
[kiti.wpbingosite.com/shop/paris-saint-germain/index.html]
[kiti.wpbingosite.com/shop/paris-saint-germain/index2f7b.html]
[kiti.wpbingosite.com/shop/paris-saint-germain/indexf4e0.html]
[kiti.wpbingosite.com/wp-json/wp/v2/product/16518.json]
[kiti.wpbingosite.com/shop/paris-saint-germain/index23a6.html]
[kiti.wpbingosite.com/shop/paris-saint-germain/indexc529.html]
[kiti.wpbingosite.com/wp-json/oembed/1.0/embed1a8e.json]
[kiti.wpbingosite.com/shop/paris-saint-germain/indexefa7.html]
[kiti.wpbingosite.com/shop/paris-saint-germain/indexa863.html]
[kiti.wpbingosite.com/shop/paris-saint-germain/index3c77.html]
[kiti.wpbingosite.com/shop/paris-saint-germain/indexf442.html]
[kiti.wpbingosite.com/wp-json/oembed/1.0/embed6cc5]
[kiti.wpbingosite.com/shop/wireless-bluetooth-speaker/feed/index.html]
[kiti.wpbingosite.com/shop/paris-saint-germain/index03ab.html]
[kiti.wpbingosite.com/shop/paris-saint-germain/index356f.html]
[kiti.wpbingosite.com/shop/wireless-bluetooth-speaker/indexefa7.html]
[www.facebook.com/share_channel/index180b.html]
[kiti.wpbingosite.com/shop/wireless-bluetooth-speaker/index.html]
[kiti.wpbingosite.com/shop/wireless-bluetooth-speaker/index0a14.html]
[kiti.wpbingosite.com/shop/wireless-bluetooth-speaker/index1735.html]
[kiti.wpbingosite.com/shop/wireless-bluetooth-speaker/index6af8.html]
[kiti.wpbingosite.com/shop/wireless-bluetooth-speaker/indexf04a.html]
[kiti.wpbingosite.com/shop/wireless-bluetooth-speaker/indexb540.html]
[kiti.wpbingosite.com/shop/wireless-bluetooth-speaker/index3446.html]
[kiti.wpbingosite.com/shop/wireless-bluetooth-speaker/index9e86.html]
[kiti.wpbingosite.com/shop/wireless-bluetooth-speaker/index2f7b.html]
[kiti.wpbingosite.com/shop/wireless-bluetooth-speaker/indexf4e0.html]
[kiti.wpbingosite.com/shop/wireless-bluetooth-speaker/index94e8.html]
[kiti.wpbingosite.com/shop/wireless-bluetooth-speaker/indexa863.html]
[kiti.wpbingosite.com/shop/wireless-bluetooth-speaker/indexc463.html]
[kiti.wpbingosite.com/shop/wireless-bluetooth-speaker/index309f.html]
[kiti.wpbingosite.com/shop/react-metcon-training/index5900.html]
[kiti.wpbingosite.com/shop/wireless-bluetooth-speaker/indexda72.html]
[kiti.wpbingosite.com/shop/react-metcon-training/index23a6.html]
[kiti.wpbingosite.com/shop/react-metcon-training/indexc529.html]
[kiti.wpbingosite.com/shop/wireless-bluetooth-speaker/indexf442.html]
[kiti.wpbingosite.com/wp-json/wp/v2/product/16514.json]
[kiti.wpbingosite.com/shop/react-metcon-training/indexb8cd.html]
[kiti.wpbingosite.com/shop/react-metcon-training/index3c77.html]
[kiti.wpbingosite.com/shop/react-metcon-training/indexc463.html]
[kiti.wpbingosite.com/wp-json/oembed/1.0/embede4a9.json]
[kiti.wpbingosite.com/shop/galaxy-watch-active/feed/index.html]
[kiti.wpbingosite.com/wp-json/oembed/1.0/embedb8d1]
[kiti.wpbingosite.com/shop/react-metcon-training/indexefa7.html]
[kiti.wpbingosite.com/shop/galaxy-watch-active/indexadde.html]
[www.facebook.com/share_channel/index7a08.html]
[kiti.wpbingosite.com/shop/galaxy-watch-active/index4188.html]
[kiti.wpbingosite.com/shop/galaxy-watch-active/indexc463.html]
[kiti.wpbingosite.com/shop/galaxy-watch-active/index6af8.html]
[kiti.wpbingosite.com/shop/galaxy-watch-active/index2d32.html]
[kiti.wpbingosite.com/shop/galaxy-watch-active/index3c77.html]
[kiti.wpbingosite.com/shop/galaxy-watch-active/index03ab.html]
[kiti.wpbingosite.com/shop/galaxy-watch-active/index356f.html]
[kiti.wpbingosite.com/shop/backbeat-fit-3200/index2540.html]
[kiti.wpbingosite.com/shop/backbeat-fit-3200/indexb8cd.html]
[kiti.wpbingosite.com/shop/backbeat-fit-3200/indexf04a.html]
[kiti.wpbingosite.com/shop/galaxy-watch-active/indexab48.html]
[kiti.wpbingosite.com/shop/galaxy-watch-active/indexefa7.html]
[kiti.wpbingosite.com/shop/backbeat-fit-3200/index94e8.html]
[kiti.wpbingosite.com/wp-json/wp/v2/product/16521.json]
[kiti.wpbingosite.com/shop/fleece-printed-crew/feed/index.html]
[kiti.wpbingosite.com/shop/backbeat-fit-3200/indexb540.html]
[kiti.wpbingosite.com/wp-json/oembed/1.0/embed8990.json]
[kiti.wpbingosite.com/wp-json/oembed/1.0/embedf0c6]
[kiti.wpbingosite.com/shop/fleece-printed-crew/index9ed0.html]
[www.facebook.com/share_channel/index779f.html]
[kiti.wpbingosite.com/shop/fleece-printed-crew/index0048.html]
[kiti.wpbingosite.com/shop/fleece-printed-crew/indexb8cd.html]
[kiti.wpbingosite.com/shop/fleece-printed-crew/index9e86.html]
[kiti.wpbingosite.com/shop/fleece-printed-crew/index6af8.html]
[kiti.wpbingosite.com/shop/fleece-printed-crew/index03ab.html]
[kiti.wpbingosite.com/shop/fleece-printed-crew/index356f.html]
[kiti.wpbingosite.com/shop/fleece-printed-crew/index2d32.html]
[kiti.wpbingosite.com/shop/fleece-printed-crew/index1633.html]
[kiti.wpbingosite.com/shop/fleece-printed-crew/indexc463.html]
[kiti.wpbingosite.com/shop/fleece-printed-crew/indexb540.html]
[kiti.wpbingosite.com/shop/fleece-printed-crew/indexf04a.html]
[kiti.wpbingosite.com/shop/fleece-printed-crew/index3c77.html]
[kiti.wpbingosite.com/shop/fleece-printed-crew/indexadde.html]
[kiti.wpbingosite.com/shop/fleece-printed-crew/indexefa7.html]
[kiti.wpbingosite.com/shop/fleece-printed-crew/indexa462.html]
[kiti.wpbingosite.com/shop/fleece-printed-crew/indexd3a4.html]
[kiti.wpbingosite.com/shop/fleece-printed-crew/indexa863.html]
[kiti.wpbingosite.com/shop/fleece-printed-crew/index2f7b.html]
[kiti.wpbingosite.com/shop/fleece-printed-crew/indexf4e0.html]
[kiti.wpbingosite.com/shop/fleece-printed-crew/indexf442.html]
[kiti.wpbingosite.com/wp-json/wp/v2/product/10448.json]
[kiti.wpbingosite.com/shop/zer0-3-sneaker/feed/index.html]
[kiti.wpbingosite.com/wp-json/oembed/1.0/embed372e.json]
[kiti.wpbingosite.com/shop/fleece-printed-crew/index94e8.html]
[kiti.wpbingosite.com/wp-json/oembed/1.0/embed622a]
[www.facebook.com/share_channel/indexcadf.html]
[kiti.wpbingosite.com/shop/zer0-3-sneaker/index10d4.html]
[kiti.wpbingosite.com/shop/zer0-3-sneaker/index6141.html]
[kiti.wpbingosite.com/shop/zer0-3-sneaker/indexc463.html]
[kiti.wpbingosite.com/wp-json/wp/v2/product/16526.json]
[kiti.wpbingosite.com/shop/zer0-3-sneaker/index9e86.html]
[kiti.wpbingosite.com/shop/medium-support-bra/feed/index.html]
[kiti.wpbingosite.com/wp-json/oembed/1.0/embeda5c3.json]
[kiti.wpbingosite.com/wp-json/oembed/1.0/embed8669]
[kiti.wpbingosite.com/wp-content/uploads/2020/12/zhilips-hr1861-whole-fruit-juicer-8.jpg]
[kiti.wpbingosite.com/shop/medium-support-bra/indexc529.html]
[www.facebook.com/share_channel/index02ba.html]
[kiti.wpbingosite.com/shop/medium-support-bra/index05eb.html]
[kiti.wpbingosite.com/shop/medium-support-bra/index94e8.html]
[kiti.wpbingosite.com/shop/medium-support-bra/indexd1f8.html]
[kiti.wpbingosite.com/shop/medium-support-bra/index9ed0.html]
[kiti.wpbingosite.com/shop/medium-support-bra/indexf442.html]
[kiti.wpbingosite.com/shop/medium-support-bra/index9e86.html]
[kiti.wpbingosite.com/shop/medium-support-bra/indexa863.html]
[kiti.wpbingosite.com/shop/medium-support-bra/index6af8.html]
[kiti.wpbingosite.com/shop/galaxy-watch-active/index1406.html]
[kiti.wpbingosite.com/shop/galaxy-watch-active/index0a14.html]
[kiti.wpbingosite.com/shop/galaxy-watch-active/indexb8cd.html]
[kiti.wpbingosite.com/shop/galaxy-watch-active/indexc346.html]
[kiti.wpbingosite.com/shop/galaxy-watch-active/index650d.html]
[kiti.wpbingosite.com/shop/galaxy-watch-active/index1735.html]
[kiti.wpbingosite.com/shop/heston-boiler-espresso-machine/index9c6f.html]
[kiti.wpbingosite.com/shop/heston-boiler-espresso-machine/index23a6.html]
[kiti.wpbingosite.com/shop/heston-boiler-espresso-machine/indexadde.html]
[kiti.wpbingosite.com/shop/heston-boiler-espresso-machine/indexa462.html]
[kiti.wpbingosite.com/shop/heston-boiler-espresso-machine/indexc529.html]
[kiti.wpbingosite.com/shop/heston-boiler-espresso-machine/index6af8.html]
[kiti.wpbingosite.com/wp-content/uploads/2020/12/Untitled-24-1000x521.jpg]
[kiti.wpbingosite.com/wp-content/uploads/2020/12/Untitled-25-1000x521.jpg]
[kiti.wpbingosite.com/wp-content/uploads/2020/12/Untitled-26-1000x521.jpg]
[kiti.wpbingosite.com/shop/philips-hr1861-whole-fruit-juicer/index491e.html]
[kiti.wpbingosite.com/shop/philips-hr1861-whole-fruit-juicer/indexadde.html]
[kiti.wpbingosite.com/shop/philips-hr1861-whole-fruit-juicer/indexa863.html]
[kiti.wpbingosite.com/shop/philips-hr1861-whole-fruit-juicer/indexa462.html]
[kiti.wpbingosite.com/shop/philips-hr1861-whole-fruit-juicer/indexf442.html]
[kiti.wpbingosite.com/wp-json/wp/v2/product/10460.json]
[kiti.wpbingosite.com/shop/philips-hr1861-whole-fruit-juicer/indexb8cd.html]
[kiti.wpbingosite.com/shop/philips-hr1861-whole-fruit-juicer/indexc463.html]
[kiti.wpbingosite.com/wp-json/oembed/1.0/embedfdc7.json]
[kiti.wpbingosite.com/shop/mens-shoe-airi-max/feed/index.html]
[kiti.wpbingosite.com/wp-json/oembed/1.0/embedee86]
[kiti.wpbingosite.com/product-tag/fashion/index.html]
[kiti.wpbingosite.com/shop/mens-shoe-airi-max/indexc463.html]
[kiti.wpbingosite.com/product-tag/men/index.html]
[www.facebook.com/share_channel/index49b5.html]
[kiti.wpbingosite.com/shop/mens-shoe-airi-max/index65ad.html]
[kiti.wpbingosite.com/shop/mens-shoe-airi-max/index6141.html]
[kiti.wpbingosite.com/shop/mens-shoe-airi-max/index2f7b.html]
[kiti.wpbingosite.com/shop/mens-shoe-airi-max/indexf4e0.html]
[kiti.wpbingosite.com/shop/mens-shoe-airi-max/index0a14.html]
[kiti.wpbingosite.com/shop/mens-shoe-airi-max/indexb8cd.html]
[kiti.wpbingosite.com/shop/mens-shoe-airi-max/index1735.html]
[kiti.wpbingosite.com/shop/mens-shoe-airi-max/index23a6.html]
[kiti.wpbingosite.com/shop/mens-shoe-airi-max/indexc529.html]
[kiti.wpbingosite.com/shop/mens-shoe-airi-max/index7a09.html]
[kiti.wpbingosite.com/shop/mens-shoe-airi-max/indexb540.html]
[kiti.wpbingosite.com/shop/mens-shoe-airi-max/indexd1f8.html]
[kiti.wpbingosite.com/shop/mens-shoe-airi-max/index9ed0.html]
[kiti.wpbingosite.com/wp-json/wp/v2/categories/60.json]
[kiti.wpbingosite.com/shop/mens-shoe-airi-max/indexf04a.html]
[kiti.wpbingosite.com/shop/mens-shoe-airi-max/index9e86.html]
[kiti.wpbingosite.com/wp-content/uploads/2018/05/Blog-1-500x500.jpg]
[kiti.wpbingosite.com/category/backpack/feed/index.html]
[kiti.wpbingosite.com/wp-content/uploads/2018/05/Blog-2-500x500.jpg]
[kiti.wpbingosite.com/wp-content/uploads/2018/05/Blog-3-500x500.jpg]
[kiti.wpbingosite.com/category/shorts/index.html]
[kiti.wpbingosite.com/category/swimwear/index.html]
[kiti.wpbingosite.com/wp-content/uploads/2018/05/Blog-1.jpg]
[kiti.wpbingosite.com/category/life-style/index.html]
[kiti.wpbingosite.com/2018/05/index.html]
[kiti.wpbingosite.com/wp-content/uploads/2018/05/Blog-2.jpg]
[kiti.wpbingosite.com/2017/04/index.html]
[kiti.wpbingosite.com/tag/baby-needs/index.html]
[kiti.wpbingosite.com/tag/baber/index.html]
[kiti.wpbingosite.com/wp-content/uploads/2018/05/Blog-3.jpg]
[kiti.wpbingosite.com/tag/beauty/index.html]
[kiti.wpbingosite.com/tag/ear-care/index.html]
[kiti.wpbingosite.com/tag/cosmetic/index.html]
[kiti.wpbingosite.com/wp-content/uploads/2018/05/Blog-4.jpg]
[kiti.wpbingosite.com/tag/electric/index.html]
[kiti.wpbingosite.com/tag/fashion/index.html]
[kiti.wpbingosite.com/tag/food/index.html]
[kiti.wpbingosite.com/wp-content/uploads/2018/05/Blog-8.jpg]
[kiti.wpbingosite.com/tag/jwerly/index.html]
[kiti.wpbingosite.com/tag/medical/index.html]
[kiti.wpbingosite.com/tag/mimimal/index.html]
[kiti.wpbingosite.com/wp-content/uploads/2018/05/Blog-7.jpg]
[kiti.wpbingosite.com/tag/simple/index.html]
[kiti.wpbingosite.com/tag/sport/index.html]
[kiti.wpbingosite.com/tag/organic/index.html]
[kiti.wpbingosite.com/wp-content/uploads/2018/05/Blog-6.jpg]
[kiti.wpbingosite.com/category/backpack/index.html]
[kiti.wpbingosite.com/wp-json/wp/v2/categories/39.json]
[kiti.wpbingosite.com/category/shorts/indexb1e3.html]
[kiti.wpbingosite.com/category/backpack/page/2/index.html]
[kiti.wpbingosite.com/category/shorts/feed/index.html]
[kiti.wpbingosite.com/wp-json/wp/v2/categories/121.json]
[kiti.wpbingosite.com/2017/04/17/post-format-quote-blogs/index.html]
[kiti.wpbingosite.com/category/fashion/index8c9d.html]
[kiti.wpbingosite.com/category/backpack/indexcb45.html]
[kiti.wpbingosite.com/category/fashion/indexfc45.html]
[kiti.wpbingosite.com/category/fashion/index8930.html]
[kiti.wpbingosite.com/category/fashion/index.html]
[kiti.wpbingosite.com/category/fashion/feed/index.html]
[kiti.wpbingosite.com/wp-json/wp/v2/posts/1588.json]
[kiti.wpbingosite.com/category/backpack/page/2/indexcb45.html]
[kiti.wpbingosite.com/2017/04/17/post-format-gallery-blogs/feed/index.html]
[kiti.wpbingosite.com/wp-json/oembed/1.0/embed6f21.json]
[kiti.wpbingosite.com/wp-json/oembed/1.0/embed6634]
[kiti.wpbingosite.com/wp-content/uploads/2018/05/Blog-5.jpg]
[kiti.wpbingosite.com/wp-content/uploads/2018/05/Blog-8-720x484.jpg]
[kiti.wpbingosite.com/wp-content/uploads/2018/05/Blog-7-720x484.jpg]
[kiti.wpbingosite.com/2018/05/30/traveling-solo-is-awesome/blog-8/index.html]
[kiti.wpbingosite.com/2018/05/30/traveling-solo-is-awesome/blog-7/index.html]
[kiti.wpbingosite.com/2018/05/30/traveling-solo-is-awesome/blog-6/index.html]
[www.facebook.com/share_channel/indexe4a6.html]
[kiti.wpbingosite.com/2017/04/17/post-format-gallery-blogs/index.html]
[kiti.wpbingosite.com/2017/04/17/post-format-video-blogs/feed/index.html]
[kiti.wpbingosite.com/wp-json/wp/v2/posts/1584.json]
[kiti.wpbingosite.com/wp-json/oembed/1.0/embededcf.json]
[kiti.wpbingosite.com/wp-json/oembed/1.0/embed2509]
[player.vimeo.com/video/89465667e864.html]
[www.facebook.com/share_channel/index7005.html]
[secure.gravatar.com/avatar/9956d6a8168de87560ad6918838818f2c3a1995f2575285da6609a748322863cd464.jpg]
[kiti.wpbingosite.com/2017/04/17/post-format-video-blogs/index.html]
[kiti.wpbingosite.com/2017/04/17/post-format-video-blogs/index21e4.html]
[kiti.wpbingosite.com/2017/04/17/post-format-video-blogs/index28b4.html]
[kiti.wpbingosite.com/wp-json/wp/v2/posts/1586.json]
[kiti.wpbingosite.com/2017/04/17/post-format-audio-blogs/feed/index.html]
[kiti.wpbingosite.com/wp-json/oembed/1.0/embedc1f7.json]
[kiti.wpbingosite.com/wp-json/oembed/1.0/embedb831]
[www.facebook.com/share_channel/indexdd3b.html]
[kiti.wpbingosite.com/2017/04/17/post-format-audio-blogs/index.html]
[kiti.wpbingosite.com/2017/04/17/post-format-audio-blogs/indexed49.html]
[kiti.wpbingosite.com/wp-json/wp/v2/posts/3976.json]
[kiti.wpbingosite.com/2018/05/30/traveling-solo-is-awesome/feed/index.html]
[kiti.wpbingosite.com/wp-json/oembed/1.0/embede1a0.json]
[kiti.wpbingosite.com/wp-json/oembed/1.0/embed2a01]
[www.facebook.com/share_channel/indexfa9e.html]
[kiti.wpbingosite.com/2018/05/30/traveling-solo-is-awesome/index.html]
[kiti.wpbingosite.com/2018/05/30/traveling-solo-is-awesome/index7653.html]
[kiti.wpbingosite.com/2018/05/30/traveling-solo-is-awesome/index64fc.html]
[kiti.wpbingosite.com/2018/05/30/traveling-solo-is-awesome/indexee2e.html]
[kiti.wpbingosite.com/2018/05/30/traveling-solo-is-awesome/index8c71.html]
[kiti.wpbingosite.com/2018/05/30/traveling-solo-is-awesome/index5602.html]
[kiti.wpbingosite.com/wp-json/wp/v2/posts/3974.json]
[kiti.wpbingosite.com/2018/05/30/a-beautiful-sunday-morning/feed/index.html]
[kiti.wpbingosite.com/wp-json/oembed/1.0/embeddf92.json]
[kiti.wpbingosite.com/wp-json/oembed/1.0/embed040f]
[www.facebook.com/share_channel/index5870.html]
[kiti.wpbingosite.com/2018/05/30/a-beautiful-sunday-morning/indexf7ca.html]
[kiti.wpbingosite.com/2018/05/30/traveling-solo-is-awesome/index859f.html]
[kiti.wpbingosite.com/2018/05/30/a-beautiful-sunday-morning/index6ff9.html]
[kiti.wpbingosite.com/2018/05/30/a-beautiful-sunday-morning/index.html]
[kiti.wpbingosite.com/wp-json/wp/v2/posts/3971.json]
[kiti.wpbingosite.com/2018/05/30/kitchen-inspired-on-japanese/feed/index.html]
[kiti.wpbingosite.com/2018/05/30/a-beautiful-sunday-morning/index2096.html]
[kiti.wpbingosite.com/wp-json/oembed/1.0/embed87a0.json]
[kiti.wpbingosite.com/wp-json/oembed/1.0/embeda234]
[www.facebook.com/share_channel/index7277.html]
[kiti.wpbingosite.com/2018/05/30/kitchen-inspired-on-japanese/index.html]
[kiti.wpbingosite.com/wp-content/uploads/elementor/css/post-9095efd1.css]
[kiti.wpbingosite.com/2018/05/30/kitchen-inspired-on-japanese/index504c.html]
[kiti.wpbingosite.com/wp-json/wp/v2/pages/9095.json]
[kiti.wpbingosite.com/wp-json/oembed/1.0/embeda9a1.json]
[kiti.wpbingosite.com/wp-json/oembed/1.0/embed4a27]
[kiti.wpbingosite.com/wp-content/uploads/2021/01/about-1.jpg]
[kiti.wpbingosite.com/wp-content/uploads/2021/01/about-2.jpg]
[kiti.wpbingosite.com/wp-content/uploads/2021/01/about-3.jpg]
[kiti.wpbingosite.com/about-us/index.html]
[kiti.wpbingosite.com/wp-content/uploads/2021/01/about-6.jpg]
[kiti.wpbingosite.com/wp-content/plugins/elementor/assets/css/widget-google_maps.min89ce.css]
[kiti.wpbingosite.com/wp-content/uploads/elementor/css/post-15115370d.css]
[kiti.wpbingosite.com/wp-json/wp/v2/pages/15115.json]
[kiti.wpbingosite.com/wp-json/oembed/1.0/embedc824.json]
[kiti.wpbingosite.com/wp-json/oembed/1.0/embed2ec9]
[kiti.wpbingosite.com/contact/index.html]
[www.google.com/maps/embed889b.html]
[kiti.wpbingosite.com/wp-content/uploads/elementor/css/post-14474f2a9.css]
[kiti.wpbingosite.com/wp-json/wp/v2/pages/14474.json]
[kiti.wpbingosite.com/wp-json/oembed/1.0/embedb4da.json]
[kiti.wpbingosite.com/wp-json/oembed/1.0/embed4203]
[kiti.wpbingosite.com/faq/index.html]
[kiti.wpbingosite.com/404.html]
[kiti.wpbingosite.com/indexf4e0.html]
[kiti.wpbingosite.com/index2f7b.html]
[kiti.wpbingosite.com/wp-json/wp/v2/product/16509.json]
[kiti.wpbingosite.com/shop/fenix-6s-smartwatch/feed/index.html]
[kiti.wpbingosite.com/wp-json/oembed/1.0/embed0e59.json]
[kiti.wpbingosite.com/cart/index461e.html]
[kiti.wpbingosite.com/wp-json/oembed/1.0/embedcb5f]
[kiti.wpbingosite.com/shop/fenix-6s-smartwatch/index03ab.html]
[www.facebook.com/share_channel/index3f47.html]
[kiti.wpbingosite.com/shop/fenix-6s-smartwatch/index.html]
[kiti.wpbingosite.com/shop/fenix-6s-smartwatch/indexf4e0.html]
[kiti.wpbingosite.com/shop/fenix-6s-smartwatch/index9e86.html]
[kiti.wpbingosite.com/shop/fenix-6s-smartwatch/indexa462.html]
[kiti.wpbingosite.com/shop/fenix-6s-smartwatch/index2f7b.html]
[kiti.wpbingosite.com/shop/fenix-6s-smartwatch/indexb8cd.html]
[kiti.wpbingosite.com/shop/fenix-6s-smartwatch/indexadde.html]
[kiti.wpbingosite.com/shop/fenix-6s-smartwatch/index650d.html]
[kiti.wpbingosite.com/index356f.html]
[kiti.wpbingosite.com/index03ab.html]
[kiti.wpbingosite.com/shop/fleece-printed-crew/index.html]
[kiti.wpbingosite.com/indexd1f8.html]
[kiti.wpbingosite.com/index9ed0.html]
[kiti.wpbingosite.com/shop/galaxy-watch-active/index.html]
[kiti.wpbingosite.com/shop/fenix-6s-smartwatch/indexc346.html]
[kiti.wpbingosite.com/cart/index3cc2.html]
[kiti.wpbingosite.com/shop/galaxy-watch-active/index9e86.html]
[kiti.wpbingosite.com/cart/index25fe.html]
[kiti.wpbingosite.com/shop/galaxy-watch-active/index23a6.html]
[kiti.wpbingosite.com/indexa462.html]
[kiti.wpbingosite.com/indexadde.html]
[kiti.wpbingosite.com/indexa863.html]
[kiti.wpbingosite.com/indexf442.html]
[kiti.wpbingosite.com/shop/galaxy-watch-active/indexc529.html]
[kiti.wpbingosite.com/indexf04a.html]
[kiti.wpbingosite.com/indexb540.html]
[kiti.wpbingosite.com/shop/medium-support-bra/index.html]
[kiti.wpbingosite.com/shop/medium-support-bra/index2d32.html]
[kiti.wpbingosite.com/cart/index2e73.html]
[kiti.wpbingosite.com/shop/medium-support-bra/indexb8cd.html]
[kiti.wpbingosite.com/cart/indexdefa.html]
[kiti.wpbingosite.com/cart/index404a.html]
[kiti.wpbingosite.com/index23a6.html]
[kiti.wpbingosite.com/indexc529.html]
[kiti.wpbingosite.com/shop/mens-shoe-airi-max/index.html]
[kiti.wpbingosite.com/shop/medium-support-bra/indexa462.html]
[kiti.wpbingosite.com/shop/medium-support-bra/indexadde.html]
[kiti.wpbingosite.com/shop/mens-shoe-airi-max/index2d32.html]
[kiti.wpbingosite.com/indexc463.html]
[kiti.wpbingosite.com/shop/mens-shoe-airi-max/index356f.html]
[kiti.wpbingosite.com/shop/mens-shoe-airi-max/index03ab.html]
[kiti.wpbingosite.com/brand/brand-1/index.html]
[kiti.wpbingosite.com/cart/indexccd0.html]
[kiti.wpbingosite.com/wp-json/wp/v2/product_brand/162.json]
[kiti.wpbingosite.com/wp-content/uploads/2020/12/Brand-1.html]
[kiti.wpbingosite.com/brand/brand-1/index3c0b.html]
[kiti.wpbingosite.com/brand/brand-1/feed/index.html]
[kiti.wpbingosite.com/brand/brand-1/indexa0bc.html]
[kiti.wpbingosite.com/brand/brand-1/index5156.html]
[kiti.wpbingosite.com/wp-json/wp/v2/product_brand/163.json]
[kiti.wpbingosite.com/brand/brand-1/index1bb0.html]
[kiti.wpbingosite.com/brand/brand-1/index729c.html]
[kiti.wpbingosite.com/brand/brand-1/index28f0.html]
[kiti.wpbingosite.com/brand/brand-1/index6a50.html]
[kiti.wpbingosite.com/brand/brand-1/indexaf48.html]
[kiti.wpbingosite.com/brand/brand-1/indexa220.html]
[kiti.wpbingosite.com/brand/brand-1/indexd1f8.html]
[kiti.wpbingosite.com/brand/brand-1/index9aa4.html]
[kiti.wpbingosite.com/brand/brand-2/index.html]
[kiti.wpbingosite.com/brand/brand-1/index9ed0.html]
[kiti.wpbingosite.com/brand/brand-2/feed/index.html]
[kiti.wpbingosite.com/brand/brand-2/index3c0b.html]
[kiti.wpbingosite.com/brand/brand-2/index5156.html]
[kiti.wpbingosite.com/brand/brand-2/indexa0bc.html]
[kiti.wpbingosite.com/wp-json/wp/v2/product_brand/164.json]
[kiti.wpbingosite.com/brand/brand-2/index1bb0.html]
[kiti.wpbingosite.com/brand/brand-2/index729c.html]
[kiti.wpbingosite.com/brand/brand-2/index28f0.html]
[kiti.wpbingosite.com/brand/brand-2/index6a50.html]
[kiti.wpbingosite.com/brand/brand-2/indexa220.html]
[kiti.wpbingosite.com/brand/brand-2/indexaf48.html]
[kiti.wpbingosite.com/brand/brand-2/index9aa4.html]
[kiti.wpbingosite.com/brand/brand-2/index23a6.html]
[kiti.wpbingosite.com/brand/brand-3/index.html]
[kiti.wpbingosite.com/brand/brand-2/indexc529.html]
[kiti.wpbingosite.com/brand/brand-2/index309f.html]
[kiti.wpbingosite.com/brand/brand-2/indexda72.html]
[kiti.wpbingosite.com/brand/brand-3/feed/index.html]
[kiti.wpbingosite.com/brand/brand-3/index3c0b.html]
[kiti.wpbingosite.com/brand/brand-3/index5156.html]
[kiti.wpbingosite.com/brand/brand-3/indexa0bc.html]
[kiti.wpbingosite.com/wp-json/wp/v2/product_brand/165.json]
[kiti.wpbingosite.com/brand/brand-3/index6a50.html]
[kiti.wpbingosite.com/brand/brand-3/index1bb0.html]
[kiti.wpbingosite.com/brand/brand-3/index729c.html]
[kiti.wpbingosite.com/brand/brand-3/index28f0.html]
[kiti.wpbingosite.com/brand/brand-3/indexa220.html]
[kiti.wpbingosite.com/brand/brand-3/indexaf48.html]
[kiti.wpbingosite.com/brand/brand-3/index9aa4.html]
[kiti.wpbingosite.com/brand/brand-3/indexc463.html]
[kiti.wpbingosite.com/brand/brand-4/feed/index.html]
[kiti.wpbingosite.com/brand/brand-4/index.html]
[kiti.wpbingosite.com/brand/brand-3/index3c77.html]
[kiti.wpbingosite.com/brand/brand-3/indexefa7.html]
[kiti.wpbingosite.com/brand/brand-3/index9e86.html]
[kiti.wpbingosite.com/brand/brand-4/index3c0b.html]
[kiti.wpbingosite.com/brand/brand-4/index729c.html]
[kiti.wpbingosite.com/brand/brand-4/index5156.html]
[kiti.wpbingosite.com/brand/brand-4/indexa0bc.html]
[kiti.wpbingosite.com/wp-json/wp/v2/product_brand/166.json]
[kiti.wpbingosite.com/brand/brand-4/index6a50.html]
[kiti.wpbingosite.com/brand/brand-4/index1bb0.html]
[kiti.wpbingosite.com/brand/brand-4/index9aa4.html]
[kiti.wpbingosite.com/brand/brand-4/index28f0.html]
[kiti.wpbingosite.com/brand/brand-5/index.html]
[kiti.wpbingosite.com/brand/brand-4/indexa220.html]
[kiti.wpbingosite.com/brand/brand-4/indexaf48.html]
[kiti.wpbingosite.com/brand/brand-4/indexb540.html]
[kiti.wpbingosite.com/brand/brand-4/indexf04a.html]
[kiti.wpbingosite.com/brand/brand-5/feed/index.html]
[kiti.wpbingosite.com/brand/brand-4/indexb8cd.html]
[kiti.wpbingosite.com/wp-json/wp/v2/product_brand/167.json]
[kiti.wpbingosite.com/brand/brand-5/index3c0b.html]
[kiti.wpbingosite.com/brand/brand-5/index5156.html]
[kiti.wpbingosite.com/brand/brand-5/indexa0bc.html]
[kiti.wpbingosite.com/brand/brand-5/index729c.html]
[kiti.wpbingosite.com/brand/brand-5/index6a50.html]
[kiti.wpbingosite.com/brand/brand-5/index28f0.html]
[kiti.wpbingosite.com/brand/brand-5/index1bb0.html]
[kiti.wpbingosite.com/brand/brand-5/index9aa4.html]
[kiti.wpbingosite.com/brand/brand-6/index.html]
[kiti.wpbingosite.com/brand/brand-5/indexaf48.html]
[kiti.wpbingosite.com/brand/brand-5/indexa220.html]
[kiti.wpbingosite.com/brand/brand-5/indexa462.html]
[kiti.wpbingosite.com/brand/brand-5/indexadde.html]
[kiti.wpbingosite.com/cdn-cgi/l/email-protection.html]
[kiti.wpbingosite.com/brand/brand-5/indexa863.html]
[kiti.wpbingosite.com/brand/brand-5/indexf442.html]
[kiti.wpbingosite.com/brand/brand-5/index2d32.html]
[kiti.wpbingosite.com/brand/brand-5/index6af8.html]
[kiti.wpbingosite.com/wp-content/uploads/2021/01/newsletter-image.html]
[kiti.wpbingosite.com/brand/brand-6/feed/index.html]
[kiti.wpbingosite.com/brand/brand-5/index6141.html]
[kiti.wpbingosite.com/brand/brand-6/index3c0b.html]
[kiti.wpbingosite.com/brand/brand-6/index5156.html]
[kiti.wpbingosite.com/wp-content/plugins/woocommerce/assets/js/frontend/lost-password.min5c8b.js]
[kiti.wpbingosite.com/brand/brand-6/indexa0bc.html]
[kiti.wpbingosite.com/brand/brand-6/index28f0.html]
[kiti.wpbingosite.com/brand/brand-6/index729c.html]
[kiti.wpbingosite.com/brand/brand-6/index1bb0.html]
[kiti.wpbingosite.com/brand/brand-6/index6a50.html]
[kiti.wpbingosite.com/brand/brand-6/index9aa4.html]
[kiti.wpbingosite.com/brand/brand-6/indexa220.html]
[kiti.wpbingosite.com/brand/brand-6/indexaf48.html]
[kiti.wpbingosite.com/brand/brand-6/index03ab.html]
[kiti.wpbingosite.com/brand/brand-6/index0a14.html]
[kiti.wpbingosite.com/brand/brand-6/index356f.html]
[kiti.wpbingosite.com/my-account/lost-password/index.html]
[kiti.wpbingosite.com/brand/brand-6/index650d.html]
[kiti.wpbingosite.com/brand/brand-6/index1735.html]
[kiti.wpbingosite.com/brand/brand-6/indexc346.html]
[kiti.wpbingosite.com/brand/brand-6/index94e8.html]
[fonts.gstatic.com/s/damion/v15/hv-XlzJ3KEUe_YZkamwz.ttf]
[fonts.gstatic.com/s/poppins/v24/pxiByp8kv8JHgFVrLCz7Z1xlEA.ttf]
[fonts.googleapis.com/css0765.css]
[kiti.wpbingosite.com/wp-content/plugins/woocommerce/assets/client/blocks/wc-blocksf3aa.css]
[kiti.wpbingosite.com/wp-content/uploads/elementor/css/post-12272312e.css]
[kiti.wpbingosite.com/wp-content/plugins/elementor/assets/lib/animations/styles/e-animation-shrink.min89ce.css]
[kiti.wpbingosite.com/wp-content/uploads/elementor/css/custom-widget-image-box.min0ba0.css]
[kiti.wpbingosite.com/wp-content/plugins/elementor/assets/css/widget-image.min89ce.css]
[kiti.wpbingosite.com/wp-content/uploads/elementor/css/post-9121312e.css]
[kiti.wpbingosite.com/wp-content/uploads/elementor/css/post-16554312e.html]
[kiti.wpbingosite.com/wp-content/uploads/2020/06/megamenu2-1.jpg]
[kiti.wpbingosite.com/wp-content/uploads/elementor/css/post-12246312e.css]
[fonts.gstatic.com/s/roboto/v51/KFOMCnqEu92Fr1ME7kSn66aGLdTylUAMQXC89YmC2DPNWubEbVmUiA8.ttf]
[kiti.wpbingosite.com/wp-content/uploads/2020/12/footer-1.jpg]
[kiti.wpbingosite.com/wp-content/uploads/elementor/css/post-16924312e.css]
[kiti.wpbingosite.com/wp-content/plugins/woocommerce/assets/js/prettyPhoto/jquery.prettyPhoto.min005e.html]
[gmpg.org/xfn/default.css]
[gmpg.org/xfn/.html]
[gmpg.org/xfn/pix/intro/five-met.gif]
[gmpg.org/xfn/pix/intro/five-acqfr.gif]
[gmpg.org/xfn/pix/intro/five-prof.gif]
[gmpg.org/xfn/pix/intro/five-lovefam.gif]
[gmpg.org/xfn/intro.html]
[gmpg.org/xfn/faq.html]
[gmpg.org/xfn/thanks.html]
[kiti.wpbingosite.com/wp-content/plugins/woocommerce/assets/images/icons/loader.svg]
[kiti.wpbingosite.com/wp-content/plugins/revslider/public/assets/fonts/revicons/revicons90c6.svg]
[kiti.wpbingosite.com/wp-content/plugins/revslider/public/assets/css/openhand.html]
[kiti.wpbingosite.com/wp-content/plugins/revslider/public/assets/css/closedhand.html]
[kiti.wpbingosite.com/wp-content/plugins/revslider/public/assets/assets/gridtile_white.html]
[kiti.wpbingosite.com/wp-content/plugins/elementor/assets/lib/font-awesome/fonts/fontawesome-webfont3e6e.svg]
[kiti.wpbingosite.com/wp-content/themes/kiti/fonts/ElegantIcons.svg]
[kiti.wpbingosite.com/wp-content/themes/kiti/fonts/wpbingo6dbe.svg]
[kiti.wpbingosite.com/wp-content/themes/kiti/fonts/icomoon6dbe.svg]
[kiti.wpbingosite.com/wp-content/themes/kiti/fonts/Flaticon.html]
[kiti.wpbingosite.com/wp-content/themes/kiti/fonts/Flaticond41d.html]
[kiti.wpbingosite.com/wp-content/themes/kiti/fonts/Flaticon.svg]
[kiti.wpbingosite.com/wp-content/themes/kiti/images/spinner.html]
[kiti.wpbingosite.com/wp-content/themes/kiti/images/dot.html]
[kiti.wpbingosite.com/wp-content/themes/kiti/images/cart-m.html]
[kiti.wpbingosite.com/wp-content/themes/kiti/images/arrow.html]
[kiti.wpbingosite.com/wp-content/themes/kiti/images/plus.html]
[kiti.wpbingosite.com/wp-content/themes/kiti/images/gift.svg]
[kiti.wpbingosite.com/wp-content/themes/kiti/images/clock.svg]
[kiti.wpbingosite.com/wp-content/themes/kiti/images/bottom-2.html]
[kiti.wpbingosite.com/wp-content/themes/kiti/css/images/icons/loading.html]
[kiti.wpbingosite.com/wp-content/plugins/elementor/assets/lib/eicons/fonts/eiconsfcca.svg]
[kiti.wpbingosite.com/wp-includes/css/dist/block-library/style.mina784.css]
[kiti.wpbingosite.com/wp-content/plugins/variation-swatches-for-woocommerce/assets/css/frontend-list-productsa784.css]
[www.w3.org/2000/svg.html]
[kiti.wpbingosite.com/product-category/accessories/index.html]
[kiti.wpbingosite.com/wp-json/wp/v2/product_cat/397.json]
[kiti.wpbingosite.com/product-category/accessories/feed/index.html]
[kiti.wpbingosite.com/wp-json/wp/v2/product_cat/151.json]
[kiti.wpbingosite.com/product-category/accessories/index3c0b.html]
[kiti.wpbingosite.com/product-category/accessories/index5156.html]
[kiti.wpbingosite.com/product-category/accessories/index729c.html]
[kiti.wpbingosite.com/product-category/accessories/indexa0bc.html]
[kiti.wpbingosite.com/product-category/accessories/index6a50.html]
[kiti.wpbingosite.com/product-category/accessories/index28f0.html]
[kiti.wpbingosite.com/product-category/accessories/index1bb0.html]
[kiti.wpbingosite.com/product-category/accessories/index9aa4.html]
[kiti.wpbingosite.com/product-category/accessories/indexa220.html]
[kiti.wpbingosite.com/product-category/accessories/index0a14.html]
[kiti.wpbingosite.com/product-category/accessories/index1735.html]
[kiti.wpbingosite.com/product-category/accessories/index94e8.html]
[kiti.wpbingosite.com/product-category/bakeware/index.html]
[kiti.wpbingosite.com/product-category/accessories/indexaf48.html]
[kiti.wpbingosite.com/product-category/bakeware/feed/index.html]
[kiti.wpbingosite.com/product-category/bakeware/index3c0b.html]
[kiti.wpbingosite.com/product-category/bakeware/index5156.html]
[kiti.wpbingosite.com/product-category/bakeware/indexa0bc.html]
[kiti.wpbingosite.com/wp-json/wp/v2/product_cat/383.json]
[kiti.wpbingosite.com/product-category/bakeware/index28f0.html]
[kiti.wpbingosite.com/product-category/bakeware/index1bb0.html]
[kiti.wpbingosite.com/product-category/bakeware/index6a50.html]
[kiti.wpbingosite.com/product-category/bakeware/index729c.html]
[kiti.wpbingosite.com/product-category/bakeware/indexaf48.html]
[kiti.wpbingosite.com/product-category/bakeware/indexf4e0.html]
[kiti.wpbingosite.com/product-category/bakeware/indexa220.html]
[kiti.wpbingosite.com/product-category/bakeware/index9aa4.html]
[kiti.wpbingosite.com/product-category/bakeware/index03ab.html]
[kiti.wpbingosite.com/product-category/bakeware/index356f.html]
[kiti.wpbingosite.com/product-category/bakeware/indexadde.html]
[kiti.wpbingosite.com/product-category/ceramic-bowls/index.html]
[kiti.wpbingosite.com/product-category/bakeware/indexa462.html]
[kiti.wpbingosite.com/product-category/bakeware/index650d.html]
[kiti.wpbingosite.com/product-category/bakeware/index2f7b.html]
[kiti.wpbingosite.com/product-category/bakeware/indexc346.html]
[kiti.wpbingosite.com/wp-json/wp/v2/product_cat/381.json]
[kiti.wpbingosite.com/product-category/ceramic-bowls/feed/index.html]
[kiti.wpbingosite.com/product-category/bakeware/indexefa7.html]
[kiti.wpbingosite.com/product-category/bakeware/index3c77.html]
[kiti.wpbingosite.com/product-category/ceramic-bowls/index5156.html]
[kiti.wpbingosite.com/product-category/ceramic-bowls/indexa0bc.html]
[kiti.wpbingosite.com/product-category/ceramic-bowls/index729c.html]
[kiti.wpbingosite.com/product-category/ceramic-bowls/index3c0b.html]
[kiti.wpbingosite.com/product-category/cookware/index.html]
[kiti.wpbingosite.com/product-category/ceramic-bowls/index28f0.html]
[kiti.wpbingosite.com/product-category/ceramic-bowls/index6a50.html]
[kiti.wpbingosite.com/product-category/ceramic-bowls/index9aa4.html]
[kiti.wpbingosite.com/product-category/ceramic-bowls/indexa220.html]
[kiti.wpbingosite.com/product-category/ceramic-bowls/indexaf48.html]
[kiti.wpbingosite.com/product-category/ceramic-bowls/index1bb0.html]
[kiti.wpbingosite.com/wp-json/wp/v2/product_cat/387.json]
[kiti.wpbingosite.com/product-category/cookware/feed/index.html]
[kiti.wpbingosite.com/product-category/ceramic-bowls/index9e86.html]
[kiti.wpbingosite.com/product-category/ceramic-bowls/indexc463.html]
[kiti.wpbingosite.com/product-category/ceramic-bowls/index6141.html]
[kiti.wpbingosite.com/product-category/cookware/indexa0bc.html]
[kiti.wpbingosite.com/product-category/cookware/index729c.html]
[kiti.wpbingosite.com/product-category/cookware/index3c0b.html]
[kiti.wpbingosite.com/product-category/cookware/index5156.html]
[kiti.wpbingosite.com/product-category/electronics/index.html]
[kiti.wpbingosite.com/product-category/cookware/index6a50.html]
[kiti.wpbingosite.com/product-category/cookware/index1bb0.html]
[kiti.wpbingosite.com/product-category/cookware/index9aa4.html]
[kiti.wpbingosite.com/product-category/cookware/index28f0.html]
[kiti.wpbingosite.com/product-category/cookware/indexa220.html]
[kiti.wpbingosite.com/product-category/cookware/indexaf48.html]
[kiti.wpbingosite.com/product-category/cookware/indexa863.html]
[kiti.wpbingosite.com/product-category/cookware/index309f.html]
[kiti.wpbingosite.com/product-category/cookware/indexf442.html]
[kiti.wpbingosite.com/product-category/cookware/indexda72.html]
[kiti.wpbingosite.com/product-category/electronics/feed/index.html]
[kiti.wpbingosite.com/product-category/glassware/index.html]
[kiti.wpbingosite.com/product-category/electronics/index3c0b.html]
[kiti.wpbingosite.com/product-category/electronics/index5156.html]
[kiti.wpbingosite.com/product-category/electronics/indexa0bc.html]
[kiti.wpbingosite.com/product-category/electronics/index729c.html]
[kiti.wpbingosite.com/product-category/electronics/index6a50.html]
[kiti.wpbingosite.com/product-category/electronics/index1bb0.html]
[kiti.wpbingosite.com/product-category/electronics/index28f0.html]
[kiti.wpbingosite.com/wp-json/wp/v2/product_cat/398.json]
[kiti.wpbingosite.com/product-category/electronics/indexa220.html]
[kiti.wpbingosite.com/product-category/electronics/indexaf48.html]
[kiti.wpbingosite.com/product-category/electronics/index9aa4.html]
[kiti.wpbingosite.com/product-category/glassware/index5156.html]
[kiti.wpbingosite.com/product-category/glassware/indexa0bc.html]
[kiti.wpbingosite.com/product-category/glassware/index3c0b.html]
[kiti.wpbingosite.com/product-category/electronics/index6af8.html]
[kiti.wpbingosite.com/product-category/others/index.html]
[kiti.wpbingosite.com/product-category/glassware/index729c.html]
[kiti.wpbingosite.com/product-category/glassware/index28f0.html]
[kiti.wpbingosite.com/product-category/glassware/index6a50.html]
[kiti.wpbingosite.com/product-category/glassware/index1bb0.html]
[kiti.wpbingosite.com/product-category/glassware/indexa220.html]
[kiti.wpbingosite.com/product-category/glassware/index9aa4.html]
[kiti.wpbingosite.com/product-category/glassware/indexaf48.html]
[kiti.wpbingosite.com/shop/index3c0b.html]
[kiti.wpbingosite.com/product-category/others/feed/index.html]
[kiti.wpbingosite.com/product-category/others/index3c0b.html]
[kiti.wpbingosite.com/product-category/others/index5156.html]
[kiti.wpbingosite.com/product-category/others/indexa0bc.html]
[kiti.wpbingosite.com/product-category/others/index729c.html]
[kiti.wpbingosite.com/product-category/others/index6a50.html]
[kiti.wpbingosite.com/product-category/others/index1bb0.html]
[kiti.wpbingosite.com/product-category/others/index28f0.html]
[kiti.wpbingosite.com/product-category/others/index9aa4.html]
[kiti.wpbingosite.com/product-category/others/indexa220.html]
[kiti.wpbingosite.com/product-category/others/indexaf48.html]
[kiti.wpbingosite.com/product-category/others/index650d.html]
[kiti.wpbingosite.com/shop/index5156.html]
[kiti.wpbingosite.com/product-category/others/indexefa7.html]
[kiti.wpbingosite.com/product-category/others/index309f.html]
[kiti.wpbingosite.com/product-category/others/index3c77.html]
[kiti.wpbingosite.com/product-category/others/indexc346.html]
[kiti.wpbingosite.com/shop/indexf838.html]
[kiti.wpbingosite.com/product-category/others/indexda72.html]
[kiti.wpbingosite.com/shop/indexba8d.html]
[kiti.wpbingosite.com/shop/index8530.html]
[kiti.wpbingosite.com/shop/index650d.html]
[kiti.wpbingosite.com/shop/indexc346.html]
[kiti.wpbingosite.com/shop/index9e86.html]
[kiti.wpbingosite.com/shop/index94e8.html]
[kiti.wpbingosite.com/shop/indexa0bc.html]
[kiti.wpbingosite.com/shop/indexd62e.html]
[kiti.wpbingosite.com/shop/page/2/index5156.html]
[kiti.wpbingosite.com/shop/index33bb.html]
[kiti.wpbingosite.com/shop/indexa0fd.html]
[kiti.wpbingosite.com/shop/index309f.html]
[kiti.wpbingosite.com/shop/index729c.html]
[kiti.wpbingosite.com/shop/index6141.html]
[kiti.wpbingosite.com/shop/indexda72.html]
[kiti.wpbingosite.com/shop/page/2/indexa0bc.html]
[kiti.wpbingosite.com/shop/index75dd.html]
[kiti.wpbingosite.com/shop/indexae4b.html]
[kiti.wpbingosite.com/shop/index14ec.html]
[kiti.wpbingosite.com/shop/index3c77.html]
[kiti.wpbingosite.com/shop/indexefa7.html]
[kiti.wpbingosite.com/shop/index28f0.html]
[kiti.wpbingosite.com/shop/index05da.html]
[kiti.wpbingosite.com/shop/page/2/index729c.html]
[kiti.wpbingosite.com/shop/index6a50.html]
[kiti.wpbingosite.com/shop/indexa3b6.html]
[kiti.wpbingosite.com/shop/index541c.html]
[kiti.wpbingosite.com/shop/indexb889.html]
[kiti.wpbingosite.com/shop/page/2/index28f0.html]
[kiti.wpbingosite.com/shop/index1bb0.html]
[kiti.wpbingosite.com/shop/index667d.html]
[kiti.wpbingosite.com/shop/index35d0.html]
[kiti.wpbingosite.com/shop/page/2/index6a50.html]
[kiti.wpbingosite.com/shop/indexfb5e.html]
[kiti.wpbingosite.com/shop/index9aa4.html]
[kiti.wpbingosite.com/shop/index192d.html]
[kiti.wpbingosite.com/shop/page/2/index1bb0.html]
[kiti.wpbingosite.com/shop/indexa220.html]
[kiti.wpbingosite.com/shop/index9ad4.html]
[kiti.wpbingosite.com/shop/indexa833.html]
[kiti.wpbingosite.com/shop/indexdf81.html]
[kiti.wpbingosite.com/shop/page/2/index9aa4.html]
[kiti.wpbingosite.com/shop/indexf4e0.html]
[kiti.wpbingosite.com/shop/indexc1e7.html]
[kiti.wpbingosite.com/shop/page/2/indexa220.html]
[kiti.wpbingosite.com/shop/indexcdf5.html]
[kiti.wpbingosite.com/shop/index738a.html]
[kiti.wpbingosite.com/shop/index6d88.html]
[kiti.wpbingosite.com/shop/index2f7b.html]
[kiti.wpbingosite.com/cart/index82c8.html]
[kiti.wpbingosite.com/shop/indexeaf2.html]
[kiti.wpbingosite.com/shop/index479b.html]
[kiti.wpbingosite.com/shop/index523b-2.html]
[kiti.wpbingosite.com/shop/index5c36.html]
[kiti.wpbingosite.com/shop/index228c.html]
[kiti.wpbingosite.com/shop/index441d.html]
[kiti.wpbingosite.com/shop/index92d8.html]
[kiti.wpbingosite.com/shop/index74c2.html]
[kiti.wpbingosite.com/shop/index1bd7.html]
[kiti.wpbingosite.com/shop/indexc792.html]
[kiti.wpbingosite.com/shop/index867a.html]
[kiti.wpbingosite.com/shop/indexd039.html]
[kiti.wpbingosite.com/shop/index4968.html]
[kiti.wpbingosite.com/shop/index356f.html]
[kiti.wpbingosite.com/shop/indexce98.html]
[kiti.wpbingosite.com/shop/indexfad6.html]
[kiti.wpbingosite.com/shop/indexba89.html]
[kiti.wpbingosite.com/shop/indexcdc0.html]
[kiti.wpbingosite.com/shop/page/2/index2f7b.html]
[kiti.wpbingosite.com/shop/index92c0.html]
[kiti.wpbingosite.com/shop/indexde00.html]
[kiti.wpbingosite.com/shop/indexd3a1.html]
[kiti.wpbingosite.com/shop/indexac73.html]
[kiti.wpbingosite.com/shop/index3095.html]
[kiti.wpbingosite.com/shop/index03ab.html]
[kiti.wpbingosite.com/cart/index5ebb.html]
[kiti.wpbingosite.com/shop/index6367.html]
[kiti.wpbingosite.com/shop/index754a.html]
[kiti.wpbingosite.com/shop/index5309.html]
[kiti.wpbingosite.com/shop/indexed75.html]
[kiti.wpbingosite.com/shop/index0621.html]
[kiti.wpbingosite.com/shop/index9028.html]
[kiti.wpbingosite.com/shop/index34ba.html]
[kiti.wpbingosite.com/shop/indexf243.html]
[kiti.wpbingosite.com/shop/indexf61b.html]
[kiti.wpbingosite.com/shop/indexd9e7.html]
[kiti.wpbingosite.com/shop/indexd1f8.html]
[kiti.wpbingosite.com/shop/index78f9.html]
[kiti.wpbingosite.com/shop/index0a7c.html]
[kiti.wpbingosite.com/shop/index2193.html]
[kiti.wpbingosite.com/shop/indexb204.html]
[kiti.wpbingosite.com/shop/indexf7fa.html]
[kiti.wpbingosite.com/shop/page/2/index03ab.html]
[kiti.wpbingosite.com/shop/indexbe79.html]
[kiti.wpbingosite.com/shop/indexe95a.html]
[kiti.wpbingosite.com/shop/index8a57.html]
[kiti.wpbingosite.com/shop/index9ed0.html]
[kiti.wpbingosite.com/shop/index07df.html]
[kiti.wpbingosite.com/cart/index956a.html]
[kiti.wpbingosite.com/shop/index729a.html]
[kiti.wpbingosite.com/shop/index0a16.html]
[kiti.wpbingosite.com/shop/indexba15.html]
[kiti.wpbingosite.com/shop/index0827.html]
[kiti.wpbingosite.com/shop/index3a22.html]
[kiti.wpbingosite.com/shop/index4909.html]
[kiti.wpbingosite.com/shop/index1c9c.html]
[kiti.wpbingosite.com/shop/index52cc.html]
[kiti.wpbingosite.com/shop/indexa462.html]
[kiti.wpbingosite.com/shop/index0166.html]
[kiti.wpbingosite.com/shop/indexaf51.html]
[kiti.wpbingosite.com/shop/indexd656.html]
[kiti.wpbingosite.com/shop/index909a.html]
[kiti.wpbingosite.com/shop/index59f2.html]
[kiti.wpbingosite.com/shop/index81c9.html]
[kiti.wpbingosite.com/shop/index814f.html]
[kiti.wpbingosite.com/shop/indexd13b.html]
[kiti.wpbingosite.com/shop/indexadde.html]
[kiti.wpbingosite.com/shop/page/2/index9ed0.html]
[kiti.wpbingosite.com/shop/index4099.html]
[kiti.wpbingosite.com/shop/index6918.html]
[kiti.wpbingosite.com/shop/index6095.html]
[kiti.wpbingosite.com/cart/index67f7.html]
[kiti.wpbingosite.com/shop/index2add.html]
[kiti.wpbingosite.com/shop/indexbc86.html]
[kiti.wpbingosite.com/shop/indexd8e0.html]
[kiti.wpbingosite.com/shop/index82aa.html]
[kiti.wpbingosite.com/shop/indexd074.html]
[kiti.wpbingosite.com/shop/indexa863.html]
[kiti.wpbingosite.com/shop/indexeda0.html]
[kiti.wpbingosite.com/shop/indexe766.html]
[kiti.wpbingosite.com/shop/index0c87.html]
[kiti.wpbingosite.com/shop/indexf618.html]
[kiti.wpbingosite.com/shop/index81b2.html]
[kiti.wpbingosite.com/shop/index48f3.html]
[kiti.wpbingosite.com/shop/index8d74.html]
[kiti.wpbingosite.com/shop/index746d.html]
[kiti.wpbingosite.com/shop/indexcfa0.html]
[kiti.wpbingosite.com/shop/index0c44.html]
[kiti.wpbingosite.com/shop/indexf442.html]
[kiti.wpbingosite.com/shop/page/2/indexadde.html]
[kiti.wpbingosite.com/shop/indexa8f8.html]
[kiti.wpbingosite.com/shop/indexeacd.html]
[kiti.wpbingosite.com/shop/index2e57.html]
[kiti.wpbingosite.com/shop/indexf04a.html]
[kiti.wpbingosite.com/shop/index386d.html]
[kiti.wpbingosite.com/shop/indexd78f.html]
[kiti.wpbingosite.com/cart/indexaaef.html]
[kiti.wpbingosite.com/shop/index85ce.html]
[kiti.wpbingosite.com/shop/indexac1c.html]
[kiti.wpbingosite.com/shop/index2766.html]
[kiti.wpbingosite.com/shop/indexacef.html]
[kiti.wpbingosite.com/shop/index020a.html]
[kiti.wpbingosite.com/shop/index9145.html]
[kiti.wpbingosite.com/shop/indexb540.html]
[kiti.wpbingosite.com/shop/indexa4bb.html]
[kiti.wpbingosite.com/shop/indexd55e.html]
[kiti.wpbingosite.com/shop/index6fd4.html]
[kiti.wpbingosite.com/shop/index4bbb.html]
[kiti.wpbingosite.com/shop/indexa22e.html]
[kiti.wpbingosite.com/shop/index78a2.html]
[kiti.wpbingosite.com/shop/indexaec8.html]
[kiti.wpbingosite.com/shop/indexf73a.html]
[kiti.wpbingosite.com/shop/index5eb2.html]
[kiti.wpbingosite.com/shop/index7afe.html]
[kiti.wpbingosite.com/shop/index23a6.html]
[kiti.wpbingosite.com/shop/indexbedf.html]
[kiti.wpbingosite.com/shop/page/2/indexf442.html]
[kiti.wpbingosite.com/shop/indexff21.html]
[kiti.wpbingosite.com/shop/index05fd.html]
[kiti.wpbingosite.com/shop/index3413.html]
[kiti.wpbingosite.com/shop/index19be.html]
[kiti.wpbingosite.com/cart/indexe304.html]
[kiti.wpbingosite.com/shop/indexe047.html]
[kiti.wpbingosite.com/shop/indexf34f.html]
[kiti.wpbingosite.com/shop/indexc529.html]
[kiti.wpbingosite.com/shop/indexa915.html]
[kiti.wpbingosite.com/shop/indexedbb.html]
[kiti.wpbingosite.com/shop/index26de.html]
[kiti.wpbingosite.com/shop/index6723.html]
[kiti.wpbingosite.com/shop/indexc17a.html]
[kiti.wpbingosite.com/shop/indexfaa9.html]
[kiti.wpbingosite.com/shop/index5233.html]
[kiti.wpbingosite.com/shop/index3676.html]
[kiti.wpbingosite.com/shop/index0876.html]
[kiti.wpbingosite.com/shop/index2efb.html]
[kiti.wpbingosite.com/shop/indexc463.html]
[kiti.wpbingosite.com/shop/index6ebd.html]
[kiti.wpbingosite.com/wp-content/uploads/2020/12/zhilips-hr1861-whole-fruit-juicer-15-600x600.html]
[kiti.wpbingosite.com/shop/indexa425.html]
[kiti.wpbingosite.com/shop/indexb02c.html]
[kiti.wpbingosite.com/shop/indexd76f.html]
[kiti.wpbingosite.com/shop/page/2/indexb540.html]
[kiti.wpbingosite.com/shop/indexc1ad.html]
[kiti.wpbingosite.com/shop/indexf2b5.html]
[kiti.wpbingosite.com/shop/index7060.html]
[kiti.wpbingosite.com/cart/index63db.html]
[kiti.wpbingosite.com/shop/index5889.html]
[kiti.wpbingosite.com/shop/index168a.html]
[kiti.wpbingosite.com/shop/index2d32.html]
[kiti.wpbingosite.com/shop/indexd8b5.html]
[kiti.wpbingosite.com/shop/index1537.html]
[kiti.wpbingosite.com/shop/index31d7.html]
[kiti.wpbingosite.com/shop/index644e.html]
[kiti.wpbingosite.com/shop/index90a4.html]
[kiti.wpbingosite.com/shop/indexb029.html]
[kiti.wpbingosite.com/shop/index2031.html]
[kiti.wpbingosite.com/shop/indexcf3e.html]
[kiti.wpbingosite.com/shop/index3d98.html]
[kiti.wpbingosite.com/shop/index961f.html]
[kiti.wpbingosite.com/shop/index5dca.html]
[kiti.wpbingosite.com/shop/index199a.html]
[kiti.wpbingosite.com/shop/indexb7a6.html]
[kiti.wpbingosite.com/shop/indexe0db.html]
[kiti.wpbingosite.com/shop/indexb8cd.html]
[kiti.wpbingosite.com/shop/page/2/indexc529.html]
[kiti.wpbingosite.com/shop/index146c.html]
[kiti.wpbingosite.com/shop/index7962.html]
[kiti.wpbingosite.com/shop/index58ef.html]
[kiti.wpbingosite.com/shop/index2167.html]
[kiti.wpbingosite.com/shop/index94ca.html]
[kiti.wpbingosite.com/shop/indexec3b.html]
[kiti.wpbingosite.com/shop/index0fcc.html]
[kiti.wpbingosite.com/shop/index0a14.html]
[kiti.wpbingosite.com/shop/index5382.html]
[kiti.wpbingosite.com/shop/indexbdc1.html]
[kiti.wpbingosite.com/shop/indexe58d.html]
[kiti.wpbingosite.com/shop/index1fdf.html]
[kiti.wpbingosite.com/shop/page/2/indexc463.html]
[kiti.wpbingosite.com/shop/index4ee1.html]
[kiti.wpbingosite.com/shop/index477a.html]
[kiti.wpbingosite.com/shop/index5b03.html]
[kiti.wpbingosite.com/shop/indexf9cc.html]
[kiti.wpbingosite.com/shop/index3947.html]
[kiti.wpbingosite.com/shop/indexbac3.html]
[kiti.wpbingosite.com/shop/indexbea1.html]
[kiti.wpbingosite.com/shop/indexee9a.html]
[kiti.wpbingosite.com/shop/index5240.html]
[kiti.wpbingosite.com/shop/index1735.html]
[kiti.wpbingosite.com/shop/page/2/index2d32.html]
[kiti.wpbingosite.com/shop/index1310.html]
[kiti.wpbingosite.com/shop/index7b46.html]
[kiti.wpbingosite.com/shop/index0ac2.html]
[kiti.wpbingosite.com/shop/index7053.html]
[kiti.wpbingosite.com/shop/index7f13.html]
[kiti.wpbingosite.com/shop/indexad9a.html]
[kiti.wpbingosite.com/shop/indexba3b.html]
[kiti.wpbingosite.com/shop/index6676.html]
[kiti.wpbingosite.com/shop/index6af8.html]
[kiti.wpbingosite.com/shop/index0e82.html]
[kiti.wpbingosite.com/shop/index8012.html]
[kiti.wpbingosite.com/shop/index5201.html]
[kiti.wpbingosite.com/shop/page/2/indexb8cd.html]
[kiti.wpbingosite.com/shop/indexb9d0.html]
[kiti.wpbingosite.com/shop/index4629.html]
[kiti.wpbingosite.com/cart/index347d.html]
[kiti.wpbingosite.com/shop/indexefbc.html]
[kiti.wpbingosite.com/shop/index23c6.html]
[kiti.wpbingosite.com/shop/index8282.html]
[kiti.wpbingosite.com/shop/index12ec.html]
[kiti.wpbingosite.com/shop/page/2/index.html]
[kiti.wpbingosite.com/shop/indexe677.html]
[kiti.wpbingosite.com/shop/index6add.html]
[kiti.wpbingosite.com/shop/index81d6.html]
[kiti.wpbingosite.com/wp-content/plugins/woocommerce/assets/css/select25c8b.css]
[kiti.wpbingosite.com/shop/index944e.html]
[kiti.wpbingosite.com/shop/index7374.html]
[kiti.wpbingosite.com/shop/index7531.html]
[kiti.wpbingosite.com/shop/index8fc6.html]
[kiti.wpbingosite.com/index5831.html]
[kiti.wpbingosite.com/shop/indexa918.html]
[kiti.wpbingosite.com/indexb5fb.html]
[kiti.wpbingosite.com/shop/indexb737.html]
[kiti.wpbingosite.com/shop/index8817.html]
[kiti.wpbingosite.com/shop/index44d8.html]
[kiti.wpbingosite.com/wp-content/plugins/elementor/assets/css/widget-divider.min89ce.css]
[kiti.wpbingosite.com/shop/index7b5b.html]
[kiti.wpbingosite.com/wp-content/uploads/elementor/css/post-11361755a.css]
[kiti.wpbingosite.com/shop/index7591.html]
[kiti.wpbingosite.com/shop/index29c0.html]
[kiti.wpbingosite.com/shop/page/2/index1735.html]
[kiti.wpbingosite.com/index9188.html]
[kiti.wpbingosite.com/shop/index8754.html]
[kiti.wpbingosite.com/shop/indexae40.html]
[kiti.wpbingosite.com/shop/index0ddf.html]
[kiti.wpbingosite.com/shop/index6ae6.html]
[kiti.wpbingosite.com/shop/index2167-2.html]
[kiti.wpbingosite.com/wp-json/wp/v2/product_cat/384.json]
[kiti.wpbingosite.com/shop/index77b8.html]
[kiti.wpbingosite.com/shop/indexf8de.html]
[kiti.wpbingosite.com/shop/index28b0.html]
[kiti.wpbingosite.com/shop/indexab6e.html]
[kiti.wpbingosite.com/shop/page/2/index6af8.html]
[kiti.wpbingosite.com/shop/page/2/index3c0b.html]
[kiti.wpbingosite.com/shop/index1cdd.html]
[kiti.wpbingosite.com/shop/page/2/index650d.html]
[kiti.wpbingosite.com/product-category/cooking-pot/index.html]
[kiti.wpbingosite.com/shop/page/2/indexc346.html]
[kiti.wpbingosite.com/shop/page/2/index9e86.html]
[kiti.wpbingosite.com/shop/page/2/index3c77.html]
[kiti.wpbingosite.com/shop/page/2/indexefa7.html]
[kiti.wpbingosite.com/shop/page/2/indexda72.html]
[kiti.wpbingosite.com/shop/page/2/index309f.html]
[kiti.wpbingosite.com/shop/page/2/index6141.html]
[kiti.wpbingosite.com/wp-content/uploads/2020/12/banner-29.html]
[kiti.wpbingosite.com/shop/page/2/index94e8.html]
[kiti.wpbingosite.com/home-6/indexf4e0.html]
[kiti.wpbingosite.com/home-6/index2f7b.html]
[kiti.wpbingosite.com/product-category/cooking-pot/feed/index.html]
[kiti.wpbingosite.com/home-6/index356f.html]
[kiti.wpbingosite.com/home-6/index03ab.html]
[kiti.wpbingosite.com/cart/indexbd4c.html]
[kiti.wpbingosite.com/home-6/indexd1f8.html]
[kiti.wpbingosite.com/home-6/index9ed0.html]
[kiti.wpbingosite.com/cart/index2a9a.html]
[kiti.wpbingosite.com/home-6/indexa462.html]
[kiti.wpbingosite.com/home-6/indexadde.html]
[kiti.wpbingosite.com/cart/index509a.html]
[kiti.wpbingosite.com/home-6/indexa863.html]
[kiti.wpbingosite.com/home-6/indexf442.html]
[kiti.wpbingosite.com/cart/indexe12b.html]
[kiti.wpbingosite.com/home-6/indexf04a.html]
[kiti.wpbingosite.com/home-6/indexb540.html]
[kiti.wpbingosite.com/cart/index836a.html]
[kiti.wpbingosite.com/home-6/index23a6.html]
[kiti.wpbingosite.com/home-6/indexc529.html]
[kiti.wpbingosite.com/home-6/indexc463.html]
[kiti.wpbingosite.com/home-6/index2d32.html]
[kiti.wpbingosite.com/home-6/indexb8cd.html]
[kiti.wpbingosite.com/cart/index4ef8.html]
[kiti.wpbingosite.com/home-6/index0a14.html]
[kiti.wpbingosite.com/home-6/index1735.html]
[kiti.wpbingosite.com/home-6/index6af8.html]
[kiti.wpbingosite.com/shop/philips-hr1861-whole-fruit-juicer/index.html]
[kiti.wpbingosite.com/cart/indexc946.html]
[kiti.wpbingosite.com/cart/index8d9a.html]
[kiti.wpbingosite.com/home-6/index94e8.html]
[kiti.wpbingosite.com/shop/philips-hr1861-whole-fruit-juicer/index0a14.html]
[kiti.wpbingosite.com/shop/philips-hr1861-whole-fruit-juicer/index1735.html]
[kiti.wpbingosite.com/home-6/index650d.html]
[kiti.wpbingosite.com/home-6/indexc346.html]
[kiti.wpbingosite.com/home-6/index9e86.html]
[kiti.wpbingosite.com/cart/index7c32.html]
[fonts.googleapis.com/cssa631.css]
[kiti.wpbingosite.com/wp-content/uploads/2020/12/footer-2.jpg]
[fonts.gstatic.com/s/poppins/v24/pxiEyp8kv8JHgFVrJJfedw.ttf]
[kiti.wpbingosite.com/wp-content/uploads/elementor/css/post-16908755a.css]
[kiti.wpbingosite.com/wp-content/uploads/2020/12/banner-8.jpg]
[kiti.wpbingosite.com/wp-content/uploads/2020/12/banner-11.jpg]
[kiti.wpbingosite.com/wp-content/uploads/2020/12/banner-1.png]
[kiti.wpbingosite.com/wp-content/uploads/2020/12/banner-12.jpg]
[kiti.wpbingosite.com/wp-content/uploads/elementor/css/post-90192d7b.css]
[kiti.wpbingosite.com/wp-content/uploads/elementor/google-fonts/fonts/roboto-kfo5cnqeu92fr1mu53zec9_vu3r1gihoszmkc3kawzu.woff2]
[kiti.wpbingosite.com/wp-content/uploads/elementor/google-fonts/fonts/roboto-kfo5cnqeu92fr1mu53zec9_vu3r1gihoszmkankawzu.woff2]
[kiti.wpbingosite.com/wp-content/uploads/elementor/google-fonts/fonts/roboto-kfo5cnqeu92fr1mu53zec9_vu3r1gihoszmkcnkawzu.woff2]
[kiti.wpbingosite.com/wp-content/uploads/elementor/google-fonts/fonts/roboto-kfo5cnqeu92fr1mu53zec9_vu3r1gihoszmkbxkawzu.woff2]
[kiti.wpbingosite.com/wp-content/uploads/elementor/google-fonts/fonts/roboto-kfo5cnqeu92fr1mu53zec9_vu3r1gihoszmkenkawzu.woff2]
[kiti.wpbingosite.com/wp-content/uploads/elementor/google-fonts/fonts/roboto-kfo5cnqeu92fr1mu53zec9_vu3r1gihoszmkahkawzu.woff2]
[kiti.wpbingosite.com/wp-content/uploads/elementor/google-fonts/fonts/roboto-kfo5cnqeu92fr1mu53zec9_vu3r1gihoszmkcxkawzu.woff2]
[kiti.wpbingosite.com/wp-content/uploads/elementor/google-fonts/fonts/roboto-kfo5cnqeu92fr1mu53zec9_vu3r1gihoszmkchkawzu.woff2]
[kiti.wpbingosite.com/wp-content/uploads/elementor/google-fonts/fonts/roboto-kfo5cnqeu92fr1mu53zec9_vu3r1gihoszmkbnka.woff2]
[kiti.wpbingosite.com/wp-content/uploads/elementor/google-fonts/fonts/roboto-kfo7cnqeu92fr1me7ksn66agldtyluama3gubgee.woff2]
[kiti.wpbingosite.com/wp-content/uploads/elementor/google-fonts/fonts/roboto-kfo7cnqeu92fr1me7ksn66agldtyluama3iubgee.woff2]
[kiti.wpbingosite.com/wp-content/uploads/elementor/google-fonts/fonts/roboto-kfo7cnqeu92fr1me7ksn66agldtyluama3cubgee.woff2]
[kiti.wpbingosite.com/wp-content/uploads/elementor/google-fonts/fonts/roboto-kfo7cnqeu92fr1me7ksn66agldtyluama3-ubgee.woff2]
[kiti.wpbingosite.com/wp-content/uploads/elementor/google-fonts/fonts/roboto-kfo7cnqeu92fr1me7ksn66agldtyluamawcubgee.woff2]
[kiti.wpbingosite.com/wp-content/uploads/elementor/google-fonts/fonts/roboto-kfo7cnqeu92fr1me7ksn66agldtyluamaxkubgee.woff2]
[kiti.wpbingosite.com/wp-content/uploads/elementor/google-fonts/fonts/roboto-kfo7cnqeu92fr1me7ksn66agldtyluama3oubgee.woff2]
[kiti.wpbingosite.com/wp-content/uploads/elementor/google-fonts/fonts/roboto-kfo7cnqeu92fr1me7ksn66agldtyluama3kubgee.woff2]
[kiti.wpbingosite.com/wp-content/uploads/elementor/google-fonts/fonts/roboto-kfo7cnqeu92fr1me7ksn66agldtyluama3yuba.woff2]
[kiti.wpbingosite.com/wp-content/uploads/elementor/google-fonts/css/roboto6ae4.css]
[kiti.wpbingosite.com/indexfc71.html]
[kiti.wpbingosite.com/home-2/index94e8.html]
[kiti.wpbingosite.com/home-2/index0a14.html]
[kiti.wpbingosite.com/home-2/index1735.html]
[kiti.wpbingosite.com/home-2/index2d32.html]
[kiti.wpbingosite.com/home-2/indexf04a.html]
[kiti.wpbingosite.com/home-2/indexb540.html]
[kiti.wpbingosite.com/home-2/indexb8cd.html]
[kiti.wpbingosite.com/home-2/index23a6.html]
[kiti.wpbingosite.com/home-2/indexc529.html]
[kiti.wpbingosite.com/cart/indexb833.html]
[kiti.wpbingosite.com/home-2/indexd1f8.html]
[kiti.wpbingosite.com/home-2/index9ed0.html]
[kiti.wpbingosite.com/cart/index3797.html]
[kiti.wpbingosite.com/home-2/index3c77.html]
[kiti.wpbingosite.com/home-2/indexefa7.html]
[kiti.wpbingosite.com/cart/index8707.html]
[kiti.wpbingosite.com/cart/indexcafd.html]
[kiti.wpbingosite.com/home-2/indexa462.html]
[kiti.wpbingosite.com/home-2/indexadde.html]
[kiti.wpbingosite.com/home-2/index356f.html]
[kiti.wpbingosite.com/home-2/index03ab.html]
[kiti.wpbingosite.com/cart/index04c1.html]
[kiti.wpbingosite.com/cart/indexdd8a.html]
[kiti.wpbingosite.com/cart/index6351.html]
[i.vimeocdn.com/video/467286461-fdd2fdfd1550669294ca3505f57648f8c483af8ba46adb3110e0cd06622b9fa6-da014]
[vimeo.com/88692700.html]
[kiti.wpbingosite.com/wp-json/wp/v2/posts/1604.json]
[kiti.wpbingosite.com/2017/04/19/lorem-ipsum-dolor-sit-amet/feed/index.html]
[kiti.wpbingosite.com/wp-json/oembed/1.0/embed5e17.json]
[kiti.wpbingosite.com/wp-json/oembed/1.0/embede4f0]
[www.facebook.com/share_channel/index2559.html]
[kiti.wpbingosite.com/2017/04/19/lorem-ipsum-dolor-sit-amet/index.html]
[fonts.googleapis.com/css1661.css]
[kiti.wpbingosite.com/wp-content/uploads/elementor/css/post-195252d7b.css]
[kiti.wpbingosite.com/wp-content/uploads/elementor/css/post-195232d7b.css]
[kiti.wpbingosite.com/wp-content/uploads/elementor/css/post-11234a885.html]
[kiti.wpbingosite.com/wp-content/uploads/2020/12/banner-4.jpg]
[fonts.gstatic.com/s/roboto/v51/KFOMCnqEu92Fr1ME7kSn66aGLdTylUAMQXC89YmC2DPNWuYjalmUiA8.ttf]
[kiti.wpbingosite.com/wp-content/uploads/2020/12/banner-cat-1.jpg]
[kiti.wpbingosite.com/wp-content/uploads/2020/12/banner-cat-2.jpg]
[kiti.wpbingosite.com/wp-content/uploads/2020/12/banner-cat-3.jpg]
[kiti.wpbingosite.com/wp-content/uploads/elementor/css/post-9601fba4.css]
[kiti.wpbingosite.com/index6f5c.html]
[kiti.wpbingosite.com/home-7/indexa863.html]
[kiti.wpbingosite.com/home-7/indexf442.html]
[kiti.wpbingosite.com/shop/zer0-3-sneaker/index.html]
[kiti.wpbingosite.com/home-7/index6141.html]
[kiti.wpbingosite.com/home-7/index9e86.html]
[kiti.wpbingosite.com/home-7/indexf4e0.html]
[kiti.wpbingosite.com/home-7/index2f7b.html]
[kiti.wpbingosite.com/home-7/index3c77.html]
[kiti.wpbingosite.com/home-7/indexefa7.html]
[kiti.wpbingosite.com/cart/index0fa1.html]
[kiti.wpbingosite.com/home-7/index0a14.html]
[kiti.wpbingosite.com/home-7/index1735.html]
[kiti.wpbingosite.com/cart/index5b9b.html]
[kiti.wpbingosite.com/home-7/indexf04a.html]
[kiti.wpbingosite.com/home-7/indexb540.html]
[kiti.wpbingosite.com/cart/index177a.html]
[kiti.wpbingosite.com/home-7/indexa462.html]
[kiti.wpbingosite.com/home-7/indexadde.html]
[kiti.wpbingosite.com/cart/index898f.html]
[kiti.wpbingosite.com/cart/index5b26.html]
[kiti.wpbingosite.com/home-7/index356f.html]
[kiti.wpbingosite.com/home-7/index03ab.html]
[kiti.wpbingosite.com/wp-content/uploads/elementor/css/post-11196fba4.css]
[kiti.wpbingosite.com/wp-content/uploads/elementor/css/post-959337d2.css]
[kiti.wpbingosite.com/index0eb3.html]
[kiti.wpbingosite.com/home-3/index94e8.html]
[kiti.wpbingosite.com/home-3/index0a14.html]
[kiti.wpbingosite.com/home-3/index1735.html]
[kiti.wpbingosite.com/home-3/index2d32.html]
[kiti.wpbingosite.com/cart/index526b.html]
[kiti.wpbingosite.com/home-3/indexf04a.html]
[kiti.wpbingosite.com/home-3/indexb540.html]
[kiti.wpbingosite.com/home-3/indexb8cd.html]
[kiti.wpbingosite.com/cart/index7e51.html]
[kiti.wpbingosite.com/home-3/index23a6.html]
[kiti.wpbingosite.com/home-3/indexc529.html]
[kiti.wpbingosite.com/cart/indexc8fa.html]
[kiti.wpbingosite.com/cart/index2b21.html]
[kiti.wpbingosite.com/home-3/indexd1f8.html]
[kiti.wpbingosite.com/home-3/index9ed0.html]
[kiti.wpbingosite.com/home-3/index3c77.html]
[kiti.wpbingosite.com/home-3/indexefa7.html]
[kiti.wpbingosite.com/wp-json/wp/v2/users/1.json]
[kiti.wpbingosite.com/cart/index2335.html]
[kiti.wpbingosite.com/author/demodemo-com/index.html]
[kiti.wpbingosite.com/cart/index0d17.html]
[kiti.wpbingosite.com/author/demodemo-com/feed/index.html]
[fonts.googleapis.com/css29e7.css]
[kiti.wpbingosite.com/wp-content/uploads/elementor/css/post-11277ce18.css]
[kiti.wpbingosite.com/author/demodemo-com/page/2/index.html]
[kiti.wpbingosite.com/cart/index8a97.html]
[kiti.wpbingosite.com/wp-content/uploads/2020/12/banner-37.jpg]
[kiti.wpbingosite.com/wp-content/uploads/2020/12/banner-38.jpg]
[kiti.wpbingosite.com/wp-content/uploads/elementor/css/post-141480e2f.css]
[kiti.wpbingosite.com/wp-content/uploads/2020/12/banner-39.jpg]
[kiti.wpbingosite.com/index4d67.html]
[kiti.wpbingosite.com/home-8/indexf4e0.html]
[kiti.wpbingosite.com/home-8/index2f7b.html]
[kiti.wpbingosite.com/home-8/index356f.html]
[kiti.wpbingosite.com/home-8/index03ab.html]
[kiti.wpbingosite.com/home-8/indexd1f8.html]
[kiti.wpbingosite.com/home-8/index9ed0.html]
[kiti.wpbingosite.com/cart/index0c20.html]
[kiti.wpbingosite.com/home-8/indexa462.html]
[kiti.wpbingosite.com/home-8/indexadde.html]
[kiti.wpbingosite.com/cart/index95fa.html]
[kiti.wpbingosite.com/home-8/indexa863.html]
[kiti.wpbingosite.com/home-8/indexf442.html]
[kiti.wpbingosite.com/cart/index8397.html]
[kiti.wpbingosite.com/cart/indexc0c3.html]
[kiti.wpbingosite.com/home-8/indexf04a.html]
[kiti.wpbingosite.com/home-8/indexb540.html]
[kiti.wpbingosite.com/home-8/index23a6.html]
[kiti.wpbingosite.com/home-8/indexc529.html]
[kiti.wpbingosite.com/home-8/indexc463.html]
[kiti.wpbingosite.com/cart/indexceb7.html]
[kiti.wpbingosite.com/wp-content/uploads/2020/12/footer-3.jpg]
[kiti.wpbingosite.com/wp-content/uploads/elementor/css/post-16928c5d5.css]
[kiti.wpbingosite.com/wp-content/uploads/2020/12/banner-19.jpg]
[kiti.wpbingosite.com/cart/index82d0.html]
[kiti.wpbingosite.com/cart/index10f6.html]
[kiti.wpbingosite.com/wp-content/uploads/2020/12/banner-20.jpg]
[kiti.wpbingosite.com/wp-content/uploads/elementor/css/post-9162e3da.css]
[kiti.wpbingosite.com/index6ecb.html]
[kiti.wpbingosite.com/home-4/indexa863.html]
[kiti.wpbingosite.com/home-4/indexf442.html]
[kiti.wpbingosite.com/home-4/index6141.html]
[kiti.wpbingosite.com/home-4/index9e86.html]
[kiti.wpbingosite.com/home-4/indexf4e0.html]
[kiti.wpbingosite.com/home-4/index2f7b.html]
[kiti.wpbingosite.com/home-4/index3c77.html]
[kiti.wpbingosite.com/home-4/indexefa7.html]
[kiti.wpbingosite.com/cart/index6d48.html]
[kiti.wpbingosite.com/home-4/indexd1f8.html]
[kiti.wpbingosite.com/home-4/index9ed0.html]
[kiti.wpbingosite.com/cart/indexa1ef.html]
[kiti.wpbingosite.com/cart/index4260.html]
[kiti.wpbingosite.com/cart/index29d1.html]
[kiti.wpbingosite.com/home-4/index23a6.html]
[kiti.wpbingosite.com/home-4/indexc529.html]
[kiti.wpbingosite.com/home-4/indexb8cd.html]
[fonts.googleapis.com/csse6a7.css]
[kiti.wpbingosite.com/wp-content/uploads/elementor/css/post-16882fb53.css]
[kiti.wpbingosite.com/wp-content/uploads/2020/12/banner-44.jpg]
[kiti.wpbingosite.com/cart/index5795.html]
[kiti.wpbingosite.com/wp-content/uploads/2020/12/banner-45.jpg]
[kiti.wpbingosite.com/wp-content/uploads/elementor/css/post-16788cf28.css]
[kiti.wpbingosite.com/index586f.html]
[kiti.wpbingosite.com/home-9/indexf4e0.html]
[kiti.wpbingosite.com/home-9/index2f7b.html]
[kiti.wpbingosite.com/home-9/index356f.html]
[kiti.wpbingosite.com/home-9/index03ab.html]
[kiti.wpbingosite.com/home-9/indexd1f8.html]
[kiti.wpbingosite.com/home-9/index9ed0.html]
[kiti.wpbingosite.com/cart/index984a.html]
[kiti.wpbingosite.com/cart/indexb630.html]
[kiti.wpbingosite.com/home-9/indexa462.html]
[kiti.wpbingosite.com/home-9/indexadde.html]
[kiti.wpbingosite.com/home-9/indexa863.html]
[kiti.wpbingosite.com/home-9/indexf442.html]
[kiti.wpbingosite.com/cart/index36df.html]
[kiti.wpbingosite.com/cart/index0877.html]
[kiti.wpbingosite.com/home-9/indexf04a.html]
[kiti.wpbingosite.com/home-9/indexb540.html]
[kiti.wpbingosite.com/home-9/index94e8.html]
[kiti.wpbingosite.com/home-9/index0a14.html]
[kiti.wpbingosite.com/home-9/index1735.html]
[kiti.wpbingosite.com/home-9/index2d32.html]
[kiti.wpbingosite.com/home-9/indexb8cd.html]
[kiti.wpbingosite.com/cart/indexb9e7.html]
[kiti.wpbingosite.com/cart/index3300.html]
[kiti.wpbingosite.com/home-9/index23a6.html]
[kiti.wpbingosite.com/home-9/indexc529.html]
[kiti.wpbingosite.com/home-9/index3c77.html]
[kiti.wpbingosite.com/home-9/indexefa7.html]
[kiti.wpbingosite.com/wp-content/uploads/elementor/css/post-16930cf28.css]
[kiti.wpbingosite.com/cart/index2b83.html]
[kiti.wpbingosite.com/cart/index8d8f.html]
[kiti.wpbingosite.com/wp-content/uploads/2020/12/banner-22.jpg]
[kiti.wpbingosite.com/wp-content/uploads/2020/12/banner-27.jpg]
[kiti.wpbingosite.com/wp-content/uploads/elementor/css/post-11328b060.css]
[kiti.wpbingosite.com/index07f4.html]
[kiti.wpbingosite.com/home-5/indexf4e0.html]
[kiti.wpbingosite.com/home-5/index2f7b.html]
[kiti.wpbingosite.com/cart/index4656.html]
[kiti.wpbingosite.com/home-5/index356f.html]
[kiti.wpbingosite.com/home-5/index03ab.html]
[kiti.wpbingosite.com/cart/index1cf2.html]
[kiti.wpbingosite.com/home-5/indexd1f8.html]
[kiti.wpbingosite.com/home-5/index9ed0.html]
[kiti.wpbingosite.com/cart/index9653.html]
[kiti.wpbingosite.com/home-5/indexa462.html]
[kiti.wpbingosite.com/home-5/indexadde.html]
[kiti.wpbingosite.com/cart/indexd597.html]
[kiti.wpbingosite.com/cart/index2e05.html]
[kiti.wpbingosite.com/home-5/indexa863.html]
[kiti.wpbingosite.com/home-5/indexf442.html]
[kiti.wpbingosite.com/home-5/indexf04a.html]
[kiti.wpbingosite.com/home-5/indexb540.html]
[kiti.wpbingosite.com/home-5/index23a6.html]
[kiti.wpbingosite.com/home-5/indexc529.html]
[kiti.wpbingosite.com/home-5/indexc463.html]
[kiti.wpbingosite.com/home-5/index2d32.html]
[kiti.wpbingosite.com/home-5/indexb8cd.html]
[kiti.wpbingosite.com/wp-content/uploads/elementor/css/post-1690300d4.css]
[kiti.wpbingosite.com/wp-content/uploads/2020/12/banner-52.jpg]
[kiti.wpbingosite.com/cart/index2713.html]
[kiti.wpbingosite.com/wp-content/uploads/elementor/css/post-16791c02c.css]
[kiti.wpbingosite.com/indexf2a0.html]
[kiti.wpbingosite.com/home-10/index94e8.html]
[kiti.wpbingosite.com/home-10/index0a14.html]
[kiti.wpbingosite.com/home-10/index1735.html]
[kiti.wpbingosite.com/home-10/index2d32.html]
[kiti.wpbingosite.com/cart/index6ba7.html]
[kiti.wpbingosite.com/home-10/indexf04a.html]
[kiti.wpbingosite.com/home-10/indexb540.html]
[kiti.wpbingosite.com/home-10/indexb8cd.html]
[kiti.wpbingosite.com/cart/indexc31c.html]
[kiti.wpbingosite.com/cart/indexea66.html]
[kiti.wpbingosite.com/cart/index51a2.html]
[kiti.wpbingosite.com/home-10/index23a6.html]
[kiti.wpbingosite.com/home-10/indexc529.html]
[kiti.wpbingosite.com/home-10/indexd1f8.html]
[kiti.wpbingosite.com/home-10/index9ed0.html]
[kiti.wpbingosite.com/home-10/index3c77.html]
[kiti.wpbingosite.com/home-10/indexefa7.html]
[kiti.wpbingosite.com/cart/index4978.html]
[kiti.wpbingosite.com/home-10/indexa462.html]
[kiti.wpbingosite.com/home-10/indexadde.html]
[kiti.wpbingosite.com/cart/index80b2.html]
[kiti.wpbingosite.com/home-10/index356f.html]
[kiti.wpbingosite.com/home-10/index03ab.html]
[kiti.wpbingosite.com/cart/indexf12c.html]
[kiti.wpbingosite.com/cart/index1ff9.html]
[kiti.wpbingosite.com/home-10/indexf4e0.html]
[kiti.wpbingosite.com/home-10/index2f7b.html]
[kiti.wpbingosite.com/home-10/indexc463.html]
[kiti.wpbingosite.com/shop/indexcdac.html]
[kiti.wpbingosite.com/cart/index2a85.html]
[kiti.wpbingosite.com/cart/indexd8d2.html]
[kiti.wpbingosite.com/shop/index1e6e.html]
[kiti.wpbingosite.com/shop/index7b7e.html]
[kiti.wpbingosite.com/shop/index74c4.html]
[kiti.wpbingosite.com/shop/indexa2a6.html]
[kiti.wpbingosite.com/shop/page/2/indexcdac.html]
[kiti.wpbingosite.com/shop/indexca39.html]
[kiti.wpbingosite.com/shop/indexd4f3.html]
[kiti.wpbingosite.com/shop/index175b.html]
[kiti.wpbingosite.com/shop/indexd382.html]
[kiti.wpbingosite.com/shop/index8974.html]
[kiti.wpbingosite.com/shop/index76ff.html]
[kiti.wpbingosite.com/shop/index4884.html]
[kiti.wpbingosite.com/shop/page/2/index74c4.html]
[kiti.wpbingosite.com/shop/indexe3b9.html]
[kiti.wpbingosite.com/shop/indexd0ab.html]
[kiti.wpbingosite.com/shop/index76bf.html]
[kiti.wpbingosite.com/shop/index25e1.html]
[kiti.wpbingosite.com/shop/page/2/index8974.html]
[kiti.wpbingosite.com/shop/index35ba.html]
[kiti.wpbingosite.com/shop/index9c0d.html]
[kiti.wpbingosite.com/shop/indexa7c8.html]
[kiti.wpbingosite.com/shop/indexfc66.html]
[kiti.wpbingosite.com/shop/index8cfc.html]
[kiti.wpbingosite.com/shop/page/2/index25e1.html]
[kiti.wpbingosite.com/shop/indexeaba.html]
[kiti.wpbingosite.com/shop/index5e70.html]
[kiti.wpbingosite.com/shop/index1fc3.html]
[kiti.wpbingosite.com/shop/indexbc82.html]
[kiti.wpbingosite.com/shop/page/2/indexfc66.html]
[kiti.wpbingosite.com/shop/index7671.html]
[kiti.wpbingosite.com/shop/index9d38.html]
[kiti.wpbingosite.com/shop/indexd23f.html]
[kiti.wpbingosite.com/shop/index0934.html]
[kiti.wpbingosite.com/shop/index9c75.html]
[kiti.wpbingosite.com/shop/page/2/index1fc3.html]
[kiti.wpbingosite.com/shop/index2ac7.html]
[kiti.wpbingosite.com/shop/index8f3e.html]
[kiti.wpbingosite.com/shop/page/2/index2ac7.html]
[kiti.wpbingosite.com/shop/indexabd1.html]
[kiti.wpbingosite.com/shop/index827b.html]
[kiti.wpbingosite.com/shop/page/2/index8f3e.html]
[kiti.wpbingosite.com/shop/index874c.html]
[kiti.wpbingosite.com/shop/index86ba.html]
[kiti.wpbingosite.com/shop/page/2/index68fa.html]
[kiti.wpbingosite.com/shop/index3f6b.html]
[kiti.wpbingosite.com/shop/indexd262.html]
[kiti.wpbingosite.com/shop/page/2/index86ba.html]
[kiti.wpbingosite.com/shop/page/2/indexabd1.html]
[kiti.wpbingosite.com/shop/index72ca.html]
[kiti.wpbingosite.com/shop/index2ee3.html]
[kiti.wpbingosite.com/shop/index516f.html]
[kiti.wpbingosite.com/shop/index308d.html]
[kiti.wpbingosite.com/shop/indexebaa.html]
[kiti.wpbingosite.com/shop/indexb271.html]
[kiti.wpbingosite.com/shop/page/2/indexd262.html]
[kiti.wpbingosite.com/shop/indexb9b9.html]
[kiti.wpbingosite.com/shop/index3514.html]
[kiti.wpbingosite.com/shop/indexe235.html]
[kiti.wpbingosite.com/shop/index5841.html]
[kiti.wpbingosite.com/shop/page/2/index308d.html]
[kiti.wpbingosite.com/shop/index5d65.html]
[kiti.wpbingosite.com/shop/index27cf.html]
[kiti.wpbingosite.com/shop/indexfdff.html]
[kiti.wpbingosite.com/shop/index5d24.html]
[kiti.wpbingosite.com/shop/index386c.html]
[kiti.wpbingosite.com/shop/indexcf2a.html]
[kiti.wpbingosite.com/shop/index1cb1.html]
[kiti.wpbingosite.com/shop/page/2/index3514.html]
[kiti.wpbingosite.com/shop/index0279.html]
[kiti.wpbingosite.com/shop/indexb0ca.html]
[kiti.wpbingosite.com/shop/index2214.html]
[kiti.wpbingosite.com/shop/indexff29.html]
[kiti.wpbingosite.com/shop/page/2/index5d24.html]
[kiti.wpbingosite.com/shop/index6eaa.html]
[kiti.wpbingosite.com/shop/index9a53.html]
[kiti.wpbingosite.com/shop/page/2/index0279.html]
[kiti.wpbingosite.com/shop/index5ed7.html]
[kiti.wpbingosite.com/shop/index4997.html]
[kiti.wpbingosite.com/shop/indexc941.html]
[kiti.wpbingosite.com/shop/index57a5.html]
[kiti.wpbingosite.com/shop/indexe4c8.html]
[kiti.wpbingosite.com/shop/index420f.html]
[kiti.wpbingosite.com/shop/index6b8d.html]
[kiti.wpbingosite.com/shop/index85b5.html]
[kiti.wpbingosite.com/shop/page/2/index6eaa.html]
[kiti.wpbingosite.com/shop/page/2/indexe4c8.html]
[kiti.wpbingosite.com/shop/index23f4.html]
[kiti.wpbingosite.com/shop/indexb74d.html]
[kiti.wpbingosite.com/shop/index8290.html]
[kiti.wpbingosite.com/shop/page/2/index23f4.html]
[kiti.wpbingosite.com/shop/page/2/index85b5.html]
[kiti.wpbingosite.com/shop/page/2/index3369.html]
[kiti.wpbingosite.com/product-category/glassware/index6cf7.html]
[kiti.wpbingosite.com/shop/index72ab.html]
[kiti.wpbingosite.com/product-category/glassware/indexc142.html]
[kiti.wpbingosite.com/product-category/glassware/index76cb.html]
[kiti.wpbingosite.com/shop/page/2/index8290.html]
[kiti.wpbingosite.com/product-category/glassware/index3075.html]
[kiti.wpbingosite.com/product-category/glassware/index8fb6.html]
[kiti.wpbingosite.com/product-category/glassware/index2aa8.html]
[kiti.wpbingosite.com/product-category/glassware/index38b3.html]
[kiti.wpbingosite.com/product-category/glassware/indexe4bf.html]
[kiti.wpbingosite.com/product-category/glassware/index0a3f.html]
[kiti.wpbingosite.com/product-category/glassware/index60fd.html]
[kiti.wpbingosite.com/product-category/glassware/index91eb.html]
[kiti.wpbingosite.com/product-category/glassware/indexbd1b.html]
[kiti.wpbingosite.com/product-category/glassware/indexe6d7.html]
[kiti.wpbingosite.com/product-category/glassware/indexf0d2.html]
[kiti.wpbingosite.com/product-category/glassware/index0dc0.html]
[kiti.wpbingosite.com/product-category/glassware/index7551.html]
[kiti.wpbingosite.com/product-category/glassware/index9e3d.html]
[kiti.wpbingosite.com/product-category/glassware/index3a82.html]
[kiti.wpbingosite.com/product-category/glassware/index8092.html]
[kiti.wpbingosite.com/product-category/glassware/index112d.html]
[kiti.wpbingosite.com/product-category/glassware/index9a04.html]
[kiti.wpbingosite.com/product-category/glassware/index8244.html]
[kiti.wpbingosite.com/product-category/glassware/index23d3.html]
[kiti.wpbingosite.com/product-category/glassware/indexdf52.html]
[kiti.wpbingosite.com/product-category/glassware/index0365.html]
[kiti.wpbingosite.com/product-category/glassware/index1ec2.html]
[kiti.wpbingosite.com/product-category/glassware/indexd496.html]
[kiti.wpbingosite.com/product-category/glassware/indexb855.html]
[kiti.wpbingosite.com/product-category/glassware/index42fa.html]
[kiti.wpbingosite.com/product-category/glassware/index6197.html]
[kiti.wpbingosite.com/product-category/glassware/index0c51.html]
[kiti.wpbingosite.com/product-category/glassware/indexd0f6.html]
[kiti.wpbingosite.com/product-category/glassware/indexa855.html]
[kiti.wpbingosite.com/product-category/glassware/indexf815.html]
[kiti.wpbingosite.com/product-category/glassware/index2e63.html]
[kiti.wpbingosite.com/product-category/glassware/indexe409.html]
[kiti.wpbingosite.com/product-category/glassware/indexd1f8.html]
[kiti.wpbingosite.com/product-category/glassware/index6015.html]
[kiti.wpbingosite.com/cart/index438e.html]
[kiti.wpbingosite.com/product-category/glassware/index8a57.html]
[kiti.wpbingosite.com/product-category/glassware/indexbe79.html]
[kiti.wpbingosite.com/product-category/glassware/indexe95a.html]
[kiti.wpbingosite.com/product-category/glassware/index07df.html]
[kiti.wpbingosite.com/product-category/glassware/index0a16.html]
[kiti.wpbingosite.com/product-category/glassware/index729a.html]
[kiti.wpbingosite.com/product-category/glassware/index52cc.html]
[kiti.wpbingosite.com/product-category/glassware/index3a22.html]
[kiti.wpbingosite.com/product-category/glassware/index9ed0.html]
[kiti.wpbingosite.com/product-category/glassware/indexba15.html]
[kiti.wpbingosite.com/product-category/glassware/index0827.html]
[kiti.wpbingosite.com/product-category/glassware/index1c9c.html]
[kiti.wpbingosite.com/product-category/glassware/index4909.html]
[kiti.wpbingosite.com/product-category/glassware/index0166.html]
[kiti.wpbingosite.com/product-category/glassware/indexaf51.html]
[kiti.wpbingosite.com/product-category/glassware/indexf04a.html]
[kiti.wpbingosite.com/product-category/glassware/indexd656.html]
[kiti.wpbingosite.com/product-category/glassware/index909a.html]
[kiti.wpbingosite.com/product-category/glassware/index814f.html]
[kiti.wpbingosite.com/product-category/glassware/index59f2.html]
[kiti.wpbingosite.com/product-category/glassware/index81c9.html]
[kiti.wpbingosite.com/product-category/glassware/indexd13b.html]
[kiti.wpbingosite.com/product-category/glassware/indexff21.html]
[kiti.wpbingosite.com/cart/index8b85.html]
[kiti.wpbingosite.com/product-category/glassware/index3413.html]
[kiti.wpbingosite.com/product-category/glassware/index05fd.html]
[kiti.wpbingosite.com/product-category/glassware/index19be.html]
[kiti.wpbingosite.com/product-category/glassware/indexedbb.html]
[kiti.wpbingosite.com/product-category/glassware/indexb540.html]
[kiti.wpbingosite.com/product-category/glassware/indexe047.html]
[kiti.wpbingosite.com/product-category/glassware/indexf34f.html]
[kiti.wpbingosite.com/product-category/glassware/index6723.html]
[kiti.wpbingosite.com/product-category/glassware/indexa915.html]
[kiti.wpbingosite.com/product-category/glassware/index26de.html]
[kiti.wpbingosite.com/product-category/glassware/indexc17a.html]
[kiti.wpbingosite.com/product-category/glassware/index23a6.html]
[kiti.wpbingosite.com/product-category/glassware/indexfaa9.html]
[kiti.wpbingosite.com/product-category/glassware/index2efb.html]
[kiti.wpbingosite.com/product-category/glassware/index5233.html]
[kiti.wpbingosite.com/product-category/glassware/index6ebd.html]
[kiti.wpbingosite.com/product-category/glassware/index3676.html]
[kiti.wpbingosite.com/product-category/glassware/index0876.html]
[kiti.wpbingosite.com/product-category/glassware/indexb02c.html]
[kiti.wpbingosite.com/product-category/glassware/indexd76f.html]
[kiti.wpbingosite.com/product-category/glassware/indexa425.html]
[kiti.wpbingosite.com/product-category/glassware/indexf2b5.html]
[kiti.wpbingosite.com/product-category/glassware/index7060.html]
[kiti.wpbingosite.com/product-category/glassware/indexc529.html]
[kiti.wpbingosite.com/product-category/glassware/indexc1ad.html]
[kiti.wpbingosite.com/cart/index0da3.html]
[kiti.wpbingosite.com/product-category/glassware/index5889.html]
[kiti.wpbingosite.com/product-category/glassware/index1537.html]
[kiti.wpbingosite.com/product-category/glassware/index168a.html]
[kiti.wpbingosite.com/product-category/glassware/indexd8b5.html]
[kiti.wpbingosite.com/product-category/glassware/index90a4.html]
[kiti.wpbingosite.com/product-category/glassware/index2d32.html]
[kiti.wpbingosite.com/product-category/glassware/index644e.html]
[kiti.wpbingosite.com/product-category/glassware/indexb029.html]
[kiti.wpbingosite.com/product-category/glassware/index31d7.html]
[kiti.wpbingosite.com/product-category/glassware/index2031.html]
[kiti.wpbingosite.com/product-category/glassware/indexcf3e.html]
[kiti.wpbingosite.com/product-category/glassware/index961f.html]
[kiti.wpbingosite.com/product-category/glassware/index3d98.html]
[kiti.wpbingosite.com/product-category/glassware/indexb8cd.html]
[kiti.wpbingosite.com/product-category/glassware/index199a.html]
[kiti.wpbingosite.com/product-category/glassware/indexb7a6.html]
[kiti.wpbingosite.com/product-category/glassware/index5dca.html]
[kiti.wpbingosite.com/product-category/glassware/indexe0db.html]
[kiti.wpbingosite.com/product-category/glassware/index146c.html]
[kiti.wpbingosite.com/product-category/glassware/index4ee1.html]
[kiti.wpbingosite.com/product-category/glassware/index5b03.html]
[kiti.wpbingosite.com/product-category/glassware/index477a.html]
[kiti.wpbingosite.com/product-category/glassware/indexf9cc.html]
[kiti.wpbingosite.com/product-category/glassware/indexbea1.html]
[kiti.wpbingosite.com/product-category/glassware/index3947.html]
[kiti.wpbingosite.com/product-category/glassware/index0a14.html]
[kiti.wpbingosite.com/product-category/glassware/indexbac3.html]
[kiti.wpbingosite.com/product-category/glassware/indexee9a.html]
[kiti.wpbingosite.com/product-category/glassware/index1310.html]
[kiti.wpbingosite.com/product-category/glassware/index5240.html]
[kiti.wpbingosite.com/product-category/glassware/index0ac2.html]
[kiti.wpbingosite.com/product-category/glassware/index1735.html]
[kiti.wpbingosite.com/product-category/glassware/index7053.html]
[kiti.wpbingosite.com/product-category/glassware/index7b46.html]
[kiti.wpbingosite.com/product-category/glassware/index7f13.html]
[kiti.wpbingosite.com/product-category/glassware/indexad9a.html]
[kiti.wpbingosite.com/product-category/glassware/indexba3b.html]
[kiti.wpbingosite.com/product-category/glassware/index8012.html]
[kiti.wpbingosite.com/product-category/glassware/index0e82.html]
[kiti.wpbingosite.com/product-category/glassware/index6676.html]
[kiti.wpbingosite.com/product-category/glassware/index5201.html]
[kiti.wpbingosite.com/cart/index3826.html]
[kiti.wpbingosite.com/product-category/glassware/index12ec.html]
[kiti.wpbingosite.com/product-category/glassware/indexefbc.html]
[kiti.wpbingosite.com/product-category/glassware/index94e8.html]
[kiti.wpbingosite.com/product-category/glassware/index4629.html]
[kiti.wpbingosite.com/product-category/glassware/indexb9d0.html]
[kiti.wpbingosite.com/product-category/glassware/index8282.html]
[kiti.wpbingosite.com/product-category/glassware/index23c6.html]
[kiti.wpbingosite.com/product-category/glassware/indexe677.html]
[kiti.wpbingosite.com/product-category/glassware/index6add.html]
[kiti.wpbingosite.com/shop/index8f8f.html]
[kiti.wpbingosite.com/product-category/glassware/index944e.html]
[kiti.wpbingosite.com/product-category/glassware/index81d6.html]
[kiti.wpbingosite.com/product-category/glassware/index7531.html]
[kiti.wpbingosite.com/product-category/glassware/index7374.html]
[kiti.wpbingosite.com/product-category/glassware/index8fc6.html]
[kiti.wpbingosite.com/product-category/glassware/indexa918.html]
[kiti.wpbingosite.com/product-category/glassware/index8817.html]
[kiti.wpbingosite.com/product-category/glassware/indexb737.html]
[kiti.wpbingosite.com/product-category/glassware/index7b5b.html]
[kiti.wpbingosite.com/product-category/glassware/index44d8.html]
[kiti.wpbingosite.com/product-category/glassware/index2e5b.html]
[kiti.wpbingosite.com/product-category/glassware/index0a14-2.html]
[kiti.wpbingosite.com/shop/index0eee.html]
[kiti.wpbingosite.com/product-category/glassware/index29c0.html]
[kiti.wpbingosite.com/product-category/glassware/index7591.html]
[kiti.wpbingosite.com/product-category/glassware/indexfb1f.html]
[kiti.wpbingosite.com/product-category/glassware/indexbcca.html]
[kiti.wpbingosite.com/product-category/glassware/index3c49.html]
[kiti.wpbingosite.com/product-category/glassware/indexe766.html]
[kiti.wpbingosite.com/shop/indexd9ad.html]
[kiti.wpbingosite.com/product-category/glassware/index0e12.html]
[kiti.wpbingosite.com/product-category/glassware/indexacc7.html]
[kiti.wpbingosite.com/product-category/glassware/indexa6ab.html]
[kiti.wpbingosite.com/product-category/glassware/indexa521.html]
[kiti.wpbingosite.com/shop/index3ed7.html]
[kiti.wpbingosite.com/shop/index741b.html]
[kiti.wpbingosite.com/shop/indexad07.html]
[kiti.wpbingosite.com/shop/index7653.html]
[kiti.wpbingosite.com/shop/page/2/index8f8f.html]
[kiti.wpbingosite.com/shop/indexc5f1.html]
[kiti.wpbingosite.com/shop/indexaddf.html]
[kiti.wpbingosite.com/shop/index7807.html]
[kiti.wpbingosite.com/shop/indexf000.html]
[kiti.wpbingosite.com/shop/index2ced.html]
[kiti.wpbingosite.com/shop/page/2/index0eee.html]
[kiti.wpbingosite.com/shop/index62d3.html]
[kiti.wpbingosite.com/shop/index87df.html]
[kiti.wpbingosite.com/shop/index700f.html]
[kiti.wpbingosite.com/shop/page/2/indexd9ad.html]
[kiti.wpbingosite.com/shop/index6565.html]
[kiti.wpbingosite.com/shop/index037a.html]
[kiti.wpbingosite.com/shop/indexa1fe.html]
[kiti.wpbingosite.com/shop/indexbc0b.html]
[kiti.wpbingosite.com/shop/index30f6.html]
[kiti.wpbingosite.com/shop/indexf5e3.html]
[kiti.wpbingosite.com/shop/page/2/index7807.html]
[kiti.wpbingosite.com/shop/indexc50f.html]
[kiti.wpbingosite.com/shop/index76ef.html]
[kiti.wpbingosite.com/shop/page/2/indexbc0b.html]
[kiti.wpbingosite.com/shop/indexd636.html]
[kiti.wpbingosite.com/shop/indexfca0.html]
[kiti.wpbingosite.com/shop/index84f1.html]
[kiti.wpbingosite.com/shop/indexde9d.html]
[kiti.wpbingosite.com/shop/index0626.html]
[kiti.wpbingosite.com/shop/index38ee.html]
[kiti.wpbingosite.com/shop/index55ae.html]
[kiti.wpbingosite.com/shop/index523b.html]
[kiti.wpbingosite.com/shop/index69c3.html]
[kiti.wpbingosite.com/shop/index1719.html]
[kiti.wpbingosite.com/shop/index28fc.html]
[kiti.wpbingosite.com/shop/page/2/index84f1.html]
[kiti.wpbingosite.com/shop/page/2/index523b.html]
[kiti.wpbingosite.com/shop/index4977.html]
[kiti.wpbingosite.com/shop/index0bac.html]
[kiti.wpbingosite.com/shop/page/2/index69c3.html]
[kiti.wpbingosite.com/shop/page/2/index4d07.html]
[kiti.wpbingosite.com/shop/page/2/index4977.html]
[kiti.wpbingosite.com/shop/page/2/index0bac.html]
[kiti.wpbingosite.com/shop/index78e1.html]
[kiti.wpbingosite.com/shop/index6cf7.html]
[kiti.wpbingosite.com/shop/indexc142.html]
[kiti.wpbingosite.com/shop/index76cb.html]
[kiti.wpbingosite.com/shop/index8fb6.html]
[kiti.wpbingosite.com/shop/index3075.html]
[kiti.wpbingosite.com/shop/index38b3.html]
[kiti.wpbingosite.com/shop/index2aa8.html]
[kiti.wpbingosite.com/shop/page/2/index6cf7.html]
[kiti.wpbingosite.com/shop/index0a3f.html]
[kiti.wpbingosite.com/shop/index60fd.html]
[kiti.wpbingosite.com/shop/index91eb.html]
[kiti.wpbingosite.com/shop/indexe4bf.html]
[kiti.wpbingosite.com/shop/indexbd1b.html]
[kiti.wpbingosite.com/shop/page/2/index3075.html]
[kiti.wpbingosite.com/shop/index0dc0.html]
[kiti.wpbingosite.com/shop/indexf0d2.html]
[kiti.wpbingosite.com/shop/indexe6d7.html]
[kiti.wpbingosite.com/shop/index7551.html]
[kiti.wpbingosite.com/shop/page/2/index91eb.html]
[kiti.wpbingosite.com/shop/index9e3d.html]
[kiti.wpbingosite.com/shop/index3a82.html]
[kiti.wpbingosite.com/shop/index112d.html]
[kiti.wpbingosite.com/shop/page/2/indexf0d2.html]
[kiti.wpbingosite.com/shop/index9a04.html]
[kiti.wpbingosite.com/shop/index8092.html]
[kiti.wpbingosite.com/shop/index8244.html]
[kiti.wpbingosite.com/shop/index23d3.html]
[kiti.wpbingosite.com/shop/index0365.html]
[kiti.wpbingosite.com/shop/index1ec2.html]
[kiti.wpbingosite.com/shop/indexdf52.html]
[kiti.wpbingosite.com/shop/page/2/index8092.html]
[kiti.wpbingosite.com/shop/indexb855.html]
[kiti.wpbingosite.com/shop/index0c51.html]
[kiti.wpbingosite.com/shop/indexd496.html]
[kiti.wpbingosite.com/shop/index42fa.html]
[kiti.wpbingosite.com/shop/indexd0f6.html]
[kiti.wpbingosite.com/shop/index6197.html]
[kiti.wpbingosite.com/shop/page/2/index42fa.html]
[kiti.wpbingosite.com/shop/page/2/indexdf52.html]
[kiti.wpbingosite.com/shop/indexe409.html]
[kiti.wpbingosite.com/shop/indexa855.html]
[kiti.wpbingosite.com/shop/index6015.html]
[kiti.wpbingosite.com/shop/page/2/index6197.html]
[kiti.wpbingosite.com/shop/page/2/indexa855.html]
[kiti.wpbingosite.com/shop/indexf815.html]
[kiti.wpbingosite.com/shop/page/2/indexd68e.html]
[kiti.wpbingosite.com/shop/index415b.html]
[kiti.wpbingosite.com/shop/index2e63.html]
[kiti.wpbingosite.com/shop/index6d94.html]
[kiti.wpbingosite.com/shop/page/2/indexf815.html]
[kiti.wpbingosite.com/shop/page/2/index415b.html]
[kiti.wpbingosite.com/shop/index289c.html]
[kiti.wpbingosite.com/shop/index719a.html]
[kiti.wpbingosite.com/shop/page/2/index6d94.html]
[kiti.wpbingosite.com/shop/index6272.html]
[kiti.wpbingosite.com/shop/page/2/index289c.html]
[kiti.wpbingosite.com/shop/page/2/index719a.html]
[kiti.wpbingosite.com/shop/indexb91e.html]
[kiti.wpbingosite.com/shop/page/2/indexaf48.html]
[kiti.wpbingosite.com/shop/page/2/index6272.html]
[kiti.wpbingosite.com/shop/index3648.html]
[kiti.wpbingosite.com/shop/page/2/indexb91e.html]
[kiti.wpbingosite.com/shop/index9572.html]
[kiti.wpbingosite.com/shop/index0732.html]
[kiti.wpbingosite.com/shop/index1096.html]
[kiti.wpbingosite.com/shop/indexdf13.html]
[kiti.wpbingosite.com/shop/index44f3.html]
[kiti.wpbingosite.com/shop/index2c11.html]
[kiti.wpbingosite.com/shop/index6b37.html]
[kiti.wpbingosite.com/shop/page/2/index3648.html]
[kiti.wpbingosite.com/shop/index144d.html]
[kiti.wpbingosite.com/shop/index55ca.html]
[kiti.wpbingosite.com/shop/index9296.html]
[kiti.wpbingosite.com/shop/page/2/indexdf13.html]
[kiti.wpbingosite.com/shop/indexd62b.html]
[kiti.wpbingosite.com/shop/indexee83.html]
[kiti.wpbingosite.com/shop/index27dc.html]
[kiti.wpbingosite.com/shop/index2e10.html]
[kiti.wpbingosite.com/shop/indexb8cc.html]
[kiti.wpbingosite.com/shop/page/2/index144d.html]
[kiti.wpbingosite.com/shop/index1224.html]
[kiti.wpbingosite.com/shop/indexea1d.html]
[kiti.wpbingosite.com/shop/indexacc7.html]
[kiti.wpbingosite.com/shop/indexc23c.html]
[kiti.wpbingosite.com/shop/indexea3d.html]
[kiti.wpbingosite.com/shop/page/2/indexb8cc.html]
[kiti.wpbingosite.com/shop/indexab90.html]
[kiti.wpbingosite.com/shop/index17c2.html]
[kiti.wpbingosite.com/shop/indexe2be.html]
[kiti.wpbingosite.com/shop/index2102.html]
[kiti.wpbingosite.com/shop/indexb5f0.html]
[kiti.wpbingosite.com/shop/page/2/indexc23c.html]
[kiti.wpbingosite.com/shop/indexf423.html]
[kiti.wpbingosite.com/shop/index043e.html]
[kiti.wpbingosite.com/shop/indexc957.html]
[kiti.wpbingosite.com/shop/page/2/indexe2be.html]
[kiti.wpbingosite.com/shop/index3474.html]
[kiti.wpbingosite.com/shop/index7c74.html]
[kiti.wpbingosite.com/shop/index64af.html]
[kiti.wpbingosite.com/shop/page/2/index7c74.html]
[kiti.wpbingosite.com/shop/indexb543.html]
[kiti.wpbingosite.com/shop/indexb3c8.html]
[kiti.wpbingosite.com/shop/index0d1f.html]
[kiti.wpbingosite.com/shop/page/2/index64af.html]
[kiti.wpbingosite.com/shop/index76a0.html]
[kiti.wpbingosite.com/shop/page/2/index9b51.html]
[kiti.wpbingosite.com/shop/index590c.html]
[kiti.wpbingosite.com/shop/index0aa9.html]
[kiti.wpbingosite.com/shop/page/2/index76a0.html]
[kiti.wpbingosite.com/shop/page/2/indexb543.html]
[kiti.wpbingosite.com/shop/index50ce.html]
[kiti.wpbingosite.com/shop/index529e.html]
[kiti.wpbingosite.com/shop/index2495.html]
[kiti.wpbingosite.com/shop/index242a.html]
[kiti.wpbingosite.com/shop/index5635.html]
[kiti.wpbingosite.com/shop/indexf390.html]
[kiti.wpbingosite.com/shop/indexe24a.html]
[kiti.wpbingosite.com/shop/index0630.html]
[kiti.wpbingosite.com/shop/page/2/index0aa9.html]
[kiti.wpbingosite.com/shop/indexa752.html]
[kiti.wpbingosite.com/shop/indexbbee.html]
[kiti.wpbingosite.com/shop/page/2/index5635.html]
[kiti.wpbingosite.com/shop/index0054.html]
[kiti.wpbingosite.com/shop/indexb60d.html]
[kiti.wpbingosite.com/shop/index8d06.html]
[kiti.wpbingosite.com/shop/index5dc2.html]
[kiti.wpbingosite.com/shop/indexea32.html]
[kiti.wpbingosite.com/shop/index0180.html]
[kiti.wpbingosite.com/shop/page/2/indexa752.html]
[kiti.wpbingosite.com/shop/indexb869.html]
[kiti.wpbingosite.com/shop/index0915.html]
[kiti.wpbingosite.com/shop/index115a.html]
[kiti.wpbingosite.com/shop/page/2/index8d06.html]
[kiti.wpbingosite.com/shop/index849f.html]
[kiti.wpbingosite.com/shop/indexdf69.html]
[kiti.wpbingosite.com/shop/indexe3d9.html]
[kiti.wpbingosite.com/shop/index7d72.html]
[kiti.wpbingosite.com/shop/index6d19.html]
[kiti.wpbingosite.com/shop/index882e.html]
[kiti.wpbingosite.com/shop/indexad88.html]
[kiti.wpbingosite.com/shop/page/2/index849f.html]
[kiti.wpbingosite.com/shop/indexc2d7.html]
[kiti.wpbingosite.com/shop/indexffd4.html]
[kiti.wpbingosite.com/shop/index607e.html]
[kiti.wpbingosite.com/shop/page/2/index7d72.html]
[kiti.wpbingosite.com/shop/index67bc.html]
[kiti.wpbingosite.com/shop/indexeb30.html]
[kiti.wpbingosite.com/shop/index8336.html]
[kiti.wpbingosite.com/shop/index8346.html]
[kiti.wpbingosite.com/shop/page/2/indexffd4.html]
[kiti.wpbingosite.com/shop/page/2/index8336.html]
[kiti.wpbingosite.com/shop/index8660.html]
[kiti.wpbingosite.com/shop/indexd821.html]
[kiti.wpbingosite.com/shop/index2501.html]
[kiti.wpbingosite.com/shop/page/2/index74e4.html]
[kiti.wpbingosite.com/shop/indexbd78.html]
[kiti.wpbingosite.com/shop/page/2/index8346.html]
[kiti.wpbingosite.com/shop/page/2/index2501.html]
[kiti.wpbingosite.com/shop/index9d72.html]
[kiti.wpbingosite.com/shop/indexab4a.html]
[kiti.wpbingosite.com/shop/index418b.html]
[kiti.wpbingosite.com/shop/indexeffa.html]
[kiti.wpbingosite.com/shop/index6102.html]
[kiti.wpbingosite.com/shop/index7b51.html]
[kiti.wpbingosite.com/shop/indexdde2.html]
[kiti.wpbingosite.com/shop/indexe246.html]
[kiti.wpbingosite.com/shop/indexcc3c.html]
[kiti.wpbingosite.com/shop/page/2/indexbd78.html]
[kiti.wpbingosite.com/shop/index2ec5.html]
[kiti.wpbingosite.com/shop/indexabac.html]
[kiti.wpbingosite.com/shop/page/2/index6102.html]
[kiti.wpbingosite.com/shop/indexf58b.html]
[kiti.wpbingosite.com/shop/indexc9d6.html]
[kiti.wpbingosite.com/shop/indexaeb1.html]
[kiti.wpbingosite.com/shop/index50f0.html]
[kiti.wpbingosite.com/shop/page/2/indexcc3c.html]
[kiti.wpbingosite.com/shop/indexafcd.html]
[kiti.wpbingosite.com/shop/index140b.html]
[kiti.wpbingosite.com/shop/index2242.html]
[kiti.wpbingosite.com/shop/indexc120.html]
[kiti.wpbingosite.com/shop/page/2/indexc9d6.html]
[kiti.wpbingosite.com/shop/index6180.html]
[kiti.wpbingosite.com/shop/indexbd50.html]
[kiti.wpbingosite.com/shop/index25f8.html]
[kiti.wpbingosite.com/shop/index3f73.html]
[kiti.wpbingosite.com/shop/indexe468.html]
[kiti.wpbingosite.com/shop/index3b3f.html]
[kiti.wpbingosite.com/shop/page/2/index6180.html]
[kiti.wpbingosite.com/shop/index7016.html]
[kiti.wpbingosite.com/shop/index4fe6.html]
[kiti.wpbingosite.com/shop/index9ead.html]
[kiti.wpbingosite.com/shop/indexc172.html]
[kiti.wpbingosite.com/shop/index8f70.html]
[kiti.wpbingosite.com/shop/page/2/index3b3f.html]
[kiti.wpbingosite.com/shop/index979e.html]
[kiti.wpbingosite.com/shop/index2dde.html]
[kiti.wpbingosite.com/shop/page/2/indexc172.html]
[kiti.wpbingosite.com/shop/index857a.html]
[kiti.wpbingosite.com/shop/indexee60.html]
[kiti.wpbingosite.com/shop/page/2/index979e.html]
[kiti.wpbingosite.com/shop/indexf4f8.html]
[kiti.wpbingosite.com/shop/page/2/indexbe32.html]
[kiti.wpbingosite.com/shop/index8761.html]
[kiti.wpbingosite.com/shop/page/2/index857a.html]
[kiti.wpbingosite.com/shop/index1649.html]
[kiti.wpbingosite.com/shop/page/2/indexf4f8.html]
[kiti.wpbingosite.com/shop/index6b2b.html]
[kiti.wpbingosite.com/shop/index0164.html]
[kiti.wpbingosite.com/shop/index3850.html]
[kiti.wpbingosite.com/shop/index4d00.html]
[kiti.wpbingosite.com/shop/page/2/index1649.html]
[kiti.wpbingosite.com/shop/index0838.html]
[kiti.wpbingosite.com/shop/index574b.html]
[kiti.wpbingosite.com/shop/index7fd4.html]
[kiti.wpbingosite.com/shop/indexb0e5.html]
[kiti.wpbingosite.com/shop/indexfec0.html]
[kiti.wpbingosite.com/shop/index5724.html]
[kiti.wpbingosite.com/shop/indexc4e1.html]
[kiti.wpbingosite.com/shop/page/2/index0838.html]
[kiti.wpbingosite.com/shop/index61f7.html]
[kiti.wpbingosite.com/shop/indexc554.html]
[kiti.wpbingosite.com/shop/indexc6d1.html]
[kiti.wpbingosite.com/shop/indexe189.html]
[kiti.wpbingosite.com/shop/index8896.html]
[kiti.wpbingosite.com/shop/page/2/index5724.html]
[kiti.wpbingosite.com/shop/indexadb3.html]
[kiti.wpbingosite.com/shop/indexaa82.html]
[kiti.wpbingosite.com/shop/indexa983.html]
[kiti.wpbingosite.com/shop/index859b.html]
[kiti.wpbingosite.com/shop/indexcd4c-2.html]
[kiti.wpbingosite.com/shop/page/2/indexc6d1.html]
[kiti.wpbingosite.com/shop/index027b.html]
[kiti.wpbingosite.com/shop/page/2/indexaa82.html]
[kiti.wpbingosite.com/shop/indexd4d2.html]
[kiti.wpbingosite.com/shop/index928a.html]
[kiti.wpbingosite.com/shop/index2216.html]
[kiti.wpbingosite.com/shop/indexa219.html]
[kiti.wpbingosite.com/shop/index167d.html]
[kiti.wpbingosite.com/shop/indexa6c2.html]
[kiti.wpbingosite.com/shop/indexfd2f.html]
[kiti.wpbingosite.com/shop/index884d.html]
[kiti.wpbingosite.com/shop/indexa7c1.html]
[kiti.wpbingosite.com/shop/index523b-3.html]
[kiti.wpbingosite.com/shop/page/2/index2216.html]
[kiti.wpbingosite.com/shop/page/2/indexfd2f.html]
[kiti.wpbingosite.com/shop/indexd63b.html]
[kiti.wpbingosite.com/shop/indexb290.html]
[kiti.wpbingosite.com/shop/indexcd4c.html]
[kiti.wpbingosite.com/shop/index8e1a.html]
[kiti.wpbingosite.com/shop/page/2/indexa7c1.html]
[kiti.wpbingosite.com/shop/page/2/indexd63b.html]
[kiti.wpbingosite.com/shop/page/2/indexcc57.html]
[kiti.wpbingosite.com/shop/indexb0ff.html]
[kiti.wpbingosite.com/shop/page/2/indexcd4c.html]
[kiti.wpbingosite.com/shop/index4c87.html]
[kiti.wpbingosite.com/shop/index500c.html]
[kiti.wpbingosite.com/shop/index877f.html]
[kiti.wpbingosite.com/shop/index12b5.html]
[kiti.wpbingosite.com/shop/page/2/indexb0ff.html]
[kiti.wpbingosite.com/shop/indexf42f.html]
[kiti.wpbingosite.com/shop/index05e8.html]
[kiti.wpbingosite.com/shop/indexa14e.html]
[kiti.wpbingosite.com/shop/index0976.html]
[kiti.wpbingosite.com/shop/index8a06.html]
[kiti.wpbingosite.com/shop/index47c1.html]
[kiti.wpbingosite.com/shop/index7ec6.html]
[kiti.wpbingosite.com/shop/index0106.html]
[kiti.wpbingosite.com/shop/page/2/indexf42f.html]
[kiti.wpbingosite.com/shop/index222a.html]
[kiti.wpbingosite.com/shop/index13ab.html]
[kiti.wpbingosite.com/shop/indexb94b.html]
[kiti.wpbingosite.com/shop/page/2/index47c1.html]
[kiti.wpbingosite.com/shop/index867b.html]
[kiti.wpbingosite.com/shop/indexe800.html]
[kiti.wpbingosite.com/shop/index1d25.html]
[kiti.wpbingosite.com/shop/index989b.html]
[kiti.wpbingosite.com/shop/indexce95.html]
[kiti.wpbingosite.com/shop/page/2/index13ab.html]
[kiti.wpbingosite.com/shop/index1c64.html]
[kiti.wpbingosite.com/shop/indexd3b1.html]
[kiti.wpbingosite.com/shop/index1e4c.html]
[kiti.wpbingosite.com/shop/page/2/index1d25.html]
[kiti.wpbingosite.com/shop/indexd40c.html]
[kiti.wpbingosite.com/shop/index81c2.html]
[kiti.wpbingosite.com/shop/index14d7.html]
[kiti.wpbingosite.com/shop/index62a2.html]
[kiti.wpbingosite.com/shop/index8dfd.html]
[kiti.wpbingosite.com/shop/index4b08.html]
[kiti.wpbingosite.com/shop/indexd924.html]
[kiti.wpbingosite.com/shop/index21f7.html]
[kiti.wpbingosite.com/shop/index1482.html]
[kiti.wpbingosite.com/shop/page/2/index81c2.html]
[kiti.wpbingosite.com/shop/page/2/indexd924.html]
[kiti.wpbingosite.com/shop/index6f22.html]
[kiti.wpbingosite.com/shop/indexdb7c.html]
[kiti.wpbingosite.com/shop/indexe5f0.html]
[kiti.wpbingosite.com/shop/indexf452.html]
[kiti.wpbingosite.com/shop/page/2/index21f7.html]
[kiti.wpbingosite.com/shop/page/2/indexdb7c.html]
[kiti.wpbingosite.com/shop/page/2/indexe5f0.html]
[kiti.wpbingosite.com/shop/page/2/indexb677.html]
[kiti.wpbingosite.com/shop/index2960.html]
[kiti.wpbingosite.com/shop/index960b.html]
[kiti.wpbingosite.com/shop/indexcf72.html]
[kiti.wpbingosite.com/shop/indexc422.html]
[kiti.wpbingosite.com/shop/indexed05.html]
[kiti.wpbingosite.com/shop/indexb901.html]
[kiti.wpbingosite.com/shop/indexa934.html]
[kiti.wpbingosite.com/shop/indexd8eb.html]
[kiti.wpbingosite.com/shop/index63f4.html]
[kiti.wpbingosite.com/shop/index740b.html]
[kiti.wpbingosite.com/shop/index6f39.html]
[kiti.wpbingosite.com/shop/index8248.html]
[kiti.wpbingosite.com/shop/index1406.html]
[kiti.wpbingosite.com/shop/index99f2.html]
[kiti.wpbingosite.com/shop/index75b9.html]
[kiti.wpbingosite.com/shop/index42b2.html]
[kiti.wpbingosite.com/shop/indexbe62.html]
[kiti.wpbingosite.com/shop/indexfd30.html]
[kiti.wpbingosite.com/shop/index2109.html]
[kiti.wpbingosite.com/shop/index8db2.html]
[kiti.wpbingosite.com/shop/indexfc3b.html]
[kiti.wpbingosite.com/shop/index4dc5.html]
[kiti.wpbingosite.com/shop/indexe3c5.html]
[kiti.wpbingosite.com/shop/index61de.html]
[kiti.wpbingosite.com/shop/indexa0dd.html]
[kiti.wpbingosite.com/shop/indexcd2b.html]
[kiti.wpbingosite.com/shop/index7d4e.html]
[kiti.wpbingosite.com/shop/index0f54.html]
[kiti.wpbingosite.com/shop/indexa2ba.html]
[kiti.wpbingosite.com/shop/index7ab4.html]
[kiti.wpbingosite.com/shop/index6697.html]
[kiti.wpbingosite.com/shop/index5bec.html]
[kiti.wpbingosite.com/shop/indexe2c4.html]
[kiti.wpbingosite.com/shop/index7295.html]
[kiti.wpbingosite.com/shop/index11ab.html]
[kiti.wpbingosite.com/shop/indexd777.html]
[kiti.wpbingosite.com/shop/indexf6e5.html]
[kiti.wpbingosite.com/shop/index61cf.html]
[kiti.wpbingosite.com/shop/index4972.html]
[kiti.wpbingosite.com/shop/indexb007.html]
[kiti.wpbingosite.com/shop/index0693.html]
[kiti.wpbingosite.com/shop/indexe5cb.html]
[kiti.wpbingosite.com/shop/indexf703.html]
[kiti.wpbingosite.com/shop/indexf6d1.html]
[kiti.wpbingosite.com/shop/index5b4c.html]
[kiti.wpbingosite.com/shop/indexb9a8.html]
[kiti.wpbingosite.com/shop/index4d98.html]
[kiti.wpbingosite.com/shop/index7ca3.html]
[kiti.wpbingosite.com/shop/indexeb90.html]
[kiti.wpbingosite.com/shop/index7299.html]
[kiti.wpbingosite.com/shop/index97f3.html]
[kiti.wpbingosite.com/shop/indexc231.html]
[kiti.wpbingosite.com/shop/index1333.html]
[kiti.wpbingosite.com/shop/indexa871.html]
[kiti.wpbingosite.com/shop/indexf566.html]
[kiti.wpbingosite.com/shop/index528a.html]
[kiti.wpbingosite.com/shop/indexe9a5.html]
[kiti.wpbingosite.com/shop/indexa336.html]
[kiti.wpbingosite.com/shop/index7896.html]
[kiti.wpbingosite.com/shop/index0516.html]
[kiti.wpbingosite.com/shop/index35a4.html]
[kiti.wpbingosite.com/shop/indexb425.html]
[kiti.wpbingosite.com/shop/indexf3a0.html]
[kiti.wpbingosite.com/shop/indexbbd9.html]
[kiti.wpbingosite.com/shop/index7f68.html]
[kiti.wpbingosite.com/shop/indexa1d7.html]
[kiti.wpbingosite.com/shop/index4a7e.html]
[kiti.wpbingosite.com/shop/index0dfb.html]
[kiti.wpbingosite.com/shop/indexf7df.html]
[kiti.wpbingosite.com/shop/indexcbdb.html]
[kiti.wpbingosite.com/shop/index1bd1.html]
[kiti.wpbingosite.com/shop/indexbc05.html]
[kiti.wpbingosite.com/shop/indexdef1.html]
[kiti.wpbingosite.com/shop/index8496.html]
[kiti.wpbingosite.com/shop/indexbc67.html]
[kiti.wpbingosite.com/shop/index15c7.html]
[kiti.wpbingosite.com/shop/index3ad1.html]
[kiti.wpbingosite.com/shop/indexc00f.html]
[kiti.wpbingosite.com/shop/index13bd.html]
[kiti.wpbingosite.com/shop/indexc708.html]
[kiti.wpbingosite.com/shop/page/2/index8496.html]
[kiti.wpbingosite.com/shop/indexfdec.html]
[kiti.wpbingosite.com/shop/indexe61b.html]
[kiti.wpbingosite.com/shop/index38d1.html]
[kiti.wpbingosite.com/shop/index4846.html]
[kiti.wpbingosite.com/shop/index4039.html]
[kiti.wpbingosite.com/shop/page/2/index13bd.html]
[kiti.wpbingosite.com/shop/index15bc.html]
[kiti.wpbingosite.com/shop/index1eee.html]
[kiti.wpbingosite.com/shop/index9b35.html]
[kiti.wpbingosite.com/shop/index1bcc.html]
[kiti.wpbingosite.com/shop/page/2/index38d1.html]
[kiti.wpbingosite.com/shop/indexf9e1.html]
[kiti.wpbingosite.com/shop/indexac60.html]
[kiti.wpbingosite.com/shop/index937a.html]
[kiti.wpbingosite.com/shop/indexa252.html]
[kiti.wpbingosite.com/shop/index27b9.html]
[kiti.wpbingosite.com/shop/index4493.html]
[kiti.wpbingosite.com/shop/indexce1f.html]
[kiti.wpbingosite.com/shop/page/2/indexf9e1.html]
[kiti.wpbingosite.com/shop/index4c44.html]
[kiti.wpbingosite.com/shop/indexd39e.html]
[kiti.wpbingosite.com/shop/index9ebb.html]
[kiti.wpbingosite.com/shop/page/2/index4493.html]
[kiti.wpbingosite.com/shop/indexada9.html]
[kiti.wpbingosite.com/shop/index8284.html]
[kiti.wpbingosite.com/shop/index359c.html]
[kiti.wpbingosite.com/shop/index8d73.html]
[kiti.wpbingosite.com/shop/index7a76.html]
[kiti.wpbingosite.com/shop/page/2/index9ebb.html]
[kiti.wpbingosite.com/shop/index6d2e.html]
[kiti.wpbingosite.com/shop/indexc653.html]
[kiti.wpbingosite.com/shop/index0127.html]
[kiti.wpbingosite.com/shop/index956c.html]
[kiti.wpbingosite.com/shop/page/2/index8d73.html]
[kiti.wpbingosite.com/shop/index978b.html]
[kiti.wpbingosite.com/shop/page/2/index0127.html]
[kiti.wpbingosite.com/shop/index3ace.html]
[kiti.wpbingosite.com/shop/indexc868.html]
[kiti.wpbingosite.com/shop/page/2/index23ba.html]
[kiti.wpbingosite.com/shop/index4c79.html]
[kiti.wpbingosite.com/shop/page/2/index956c.html]
[kiti.wpbingosite.com/shop/page/2/indexc868.html]
[kiti.wpbingosite.com/shop/index70c2.html]
[kiti.wpbingosite.com/shop/indexeb58.html]
[kiti.wpbingosite.com/shop/indexb5bb.html]
[kiti.wpbingosite.com/shop/indexb127.html]
[kiti.wpbingosite.com/shop/index24b9.html]
[kiti.wpbingosite.com/shop/indexc402.html]
[kiti.wpbingosite.com/shop/indexf72b.html]
[kiti.wpbingosite.com/shop/page/2/index4c79.html]
[kiti.wpbingosite.com/shop/index00dd.html]
[kiti.wpbingosite.com/shop/indexc5a6.html]
[kiti.wpbingosite.com/shop/index1bee.html]
[kiti.wpbingosite.com/shop/indexd1f2.html]
[kiti.wpbingosite.com/shop/page/2/index24b9.html]
[kiti.wpbingosite.com/shop/indexd959.html]
[kiti.wpbingosite.com/shop/indexb941.html]
[kiti.wpbingosite.com/shop/index9596.html]
[kiti.wpbingosite.com/shop/index26bd.html]
[kiti.wpbingosite.com/shop/index8e89.html]
[kiti.wpbingosite.com/shop/page/2/indexc5a6.html]
[kiti.wpbingosite.com/shop/indexc629.html]
[kiti.wpbingosite.com/shop/index36fa.html]
[kiti.wpbingosite.com/shop/index1ff7.html]
[kiti.wpbingosite.com/shop/page/2/indexb941.html]
[kiti.wpbingosite.com/shop/indexf674.html]
[kiti.wpbingosite.com/shop/index7d59.html]
[kiti.wpbingosite.com/shop/index8f24.html]
[kiti.wpbingosite.com/shop/index97ee.html]
[kiti.wpbingosite.com/shop/index9e43.html]
[kiti.wpbingosite.com/shop/index947f.html]
[kiti.wpbingosite.com/shop/indexac33.html]
[kiti.wpbingosite.com/shop/page/2/indexf674.html]
[kiti.wpbingosite.com/shop/indexa70a.html]
[kiti.wpbingosite.com/shop/indexae22.html]
[kiti.wpbingosite.com/shop/index1256.html]
[kiti.wpbingosite.com/shop/indexf7a3.html]
[kiti.wpbingosite.com/shop/indexe46e.html]
[kiti.wpbingosite.com/shop/page/2/index947f.html]
[kiti.wpbingosite.com/shop/page/2/index1256.html]
[kiti.wpbingosite.com/shop/index16f1.html]
[kiti.wpbingosite.com/shop/index438e.html]
[kiti.wpbingosite.com/shop/index4830.html]
[kiti.wpbingosite.com/shop/page/2/index16f1.html]
[kiti.wpbingosite.com/shop/index462b.html]
[kiti.wpbingosite.com/shop/page/2/index438e.html]
[kiti.wpbingosite.com/shop/indexefe0.html]
[kiti.wpbingosite.com/shop/page/2/index22aa.html]
[kiti.wpbingosite.com/shop/indexd192.html]
[kiti.wpbingosite.com/shop/page/2/indexefe0.html]
[kiti.wpbingosite.com/shop/index66a0.html]
[kiti.wpbingosite.com/shop/indexb304.html]
[kiti.wpbingosite.com/shop/index004e.html]
[kiti.wpbingosite.com/shop/indexea7b.html]
[kiti.wpbingosite.com/shop/page/2/indexd192.html]
[kiti.wpbingosite.com/shop/indexc0fd.html]
[kiti.wpbingosite.com/shop/index0168.html]
[kiti.wpbingosite.com/shop/index8a20.html]
[kiti.wpbingosite.com/shop/index17a2.html]
[kiti.wpbingosite.com/shop/index827d.html]
[kiti.wpbingosite.com/shop/index633e.html]
[kiti.wpbingosite.com/shop/indexc2b6.html]
[kiti.wpbingosite.com/shop/page/2/indexc0fd.html]
[kiti.wpbingosite.com/shop/index0c39.html]
[kiti.wpbingosite.com/shop/index0941.html]
[kiti.wpbingosite.com/shop/index17a1.html]
[kiti.wpbingosite.com/shop/indexf737.html]
[kiti.wpbingosite.com/shop/index9136.html]
[kiti.wpbingosite.com/shop/index0db2.html]
[kiti.wpbingosite.com/shop/page/2/index827d.html]
[kiti.wpbingosite.com/shop/index0d3b.html]
[kiti.wpbingosite.com/shop/indexb51b.html]
[kiti.wpbingosite.com/shop/page/2/indexf737.html]
[kiti.wpbingosite.com/shop/index6c52.html]
[kiti.wpbingosite.com/shop/index6ede.html]
[kiti.wpbingosite.com/shop/indexb6ca.html]
[kiti.wpbingosite.com/shop/index511b.html]
[kiti.wpbingosite.com/shop/index6426.html]
[kiti.wpbingosite.com/shop/page/2/index6c52.html]
[kiti.wpbingosite.com/shop/indexbbb1.html]
[kiti.wpbingosite.com/shop/index821d.html]
[kiti.wpbingosite.com/shop/index1a53.html]
[kiti.wpbingosite.com/shop/index297f.html]
[kiti.wpbingosite.com/shop/indexc0a1.html]
[kiti.wpbingosite.com/shop/index6a5d.html]
[kiti.wpbingosite.com/shop/index7948.html]
[kiti.wpbingosite.com/shop/page/2/indexbbb1.html]
[kiti.wpbingosite.com/shop/indexdaea.html]
[kiti.wpbingosite.com/shop/indexace6.html]
[kiti.wpbingosite.com/shop/indexd8b4.html]
[kiti.wpbingosite.com/shop/page/2/indexc0a1.html]
[kiti.wpbingosite.com/shop/page/2/indexdaea.html]
[kiti.wpbingosite.com/shop/index5ff8.html]
[kiti.wpbingosite.com/shop/indexd56d.html]
[kiti.wpbingosite.com/shop/page/2/indexe3be.html]
[kiti.wpbingosite.com/shop/page/2/index5ff8.html]
[kiti.wpbingosite.com/shop/page/2/indexd8b4.html]
[kiti.wpbingosite.com/index7d09.html]
[kiti.wpbingosite.com/indexd8eb.html]
[kiti.wpbingosite.com/index882b.html]
[kiti.wpbingosite.com/index8dd2.html]
[kiti.wpbingosite.com/shop/midnight-sky-ocean-sounds/index2d32.html]
[kiti.wpbingosite.com/shop/midnight-sky-ocean-sounds/indexc529.html]
[kiti.wpbingosite.com/shop/midnight-sky-ocean-sounds/index23a6.html]
[kiti.wpbingosite.com/wp-json/wp/v2/product_tag/359.json]
[kiti.wpbingosite.com/shop/midnight-sky-ocean-sounds/index3c77.html]
[kiti.wpbingosite.com/product-tag/hot/index.html]
[kiti.wpbingosite.com/product-tag/hot/feed/index.html]
[kiti.wpbingosite.com/shop/midnight-sky-ocean-sounds/indexb8cd.html]
[kiti.wpbingosite.com/shop/midnight-sky-ocean-sounds/indexefa7.html]
[kiti.wpbingosite.com/product-tag/hot/index3c0b.html]
[kiti.wpbingosite.com/wp-json/wp/v2/product_tag/80.json]
[kiti.wpbingosite.com/product-tag/hot/indexa0bc.html]
[kiti.wpbingosite.com/product-tag/hot/index729c.html]
[kiti.wpbingosite.com/product-tag/hot/index5156.html]
[kiti.wpbingosite.com/product-tag/hot/index6a50.html]
[kiti.wpbingosite.com/product-tag/hot/index9aa4.html]
[kiti.wpbingosite.com/product-tag/hot/index1bb0.html]
[kiti.wpbingosite.com/product-tag/hot/index28f0.html]
[kiti.wpbingosite.com/product-tag/trend/index.html]
[kiti.wpbingosite.com/product-tag/hot/indexaf48.html]
[kiti.wpbingosite.com/product-tag/hot/indexa220.html]
[kiti.wpbingosite.com/product-tag/hot/indexf4e0.html]
[kiti.wpbingosite.com/product-tag/hot/index2f7b.html]
[kiti.wpbingosite.com/product-tag/hot/index356f.html]
[kiti.wpbingosite.com/product-tag/hot/index03ab.html]
[kiti.wpbingosite.com/product-tag/hot/indexd1f8.html]
[kiti.wpbingosite.com/product-tag/hot/index9ed0.html]
[kiti.wpbingosite.com/product-tag/hot/indexa462.html]
[kiti.wpbingosite.com/product-tag/hot/indexadde.html]
[kiti.wpbingosite.com/product-tag/hot/indexb540.html]
[static.xx.fbcdn.net/rsrc.php/yB/r/2sFJRNmJ5OP.ico]
[kiti.wpbingosite.com/product-tag/hot/indexf04a.html]
[kiti.wpbingosite.com/product-tag/hot/index23a6.html]
[kiti.wpbingosite.com/product-tag/hot/indexc529.html]
[kiti.wpbingosite.com/product-tag/hot/indexc463.html]
[kiti.wpbingosite.com/product-tag/hot/index2d32.html]
[kiti.wpbingosite.com/product-tag/hot/index0a14.html]
[kiti.wpbingosite.com/product-tag/hot/index1735.html]
[kiti.wpbingosite.com/product-tag/hot/indexb8cd.html]
[static.xx.fbcdn.net/rsrc.php/v5/y7/l/0,cross/3YydOQAsiR8.css]
[kiti.wpbingosite.com/product-tag/hot/index6af8.html]
[kiti.wpbingosite.com/product-tag/hot/index9e86.html]
[kiti.wpbingosite.com/product-tag/trend/feed/index.html]
[kiti.wpbingosite.com/product-tag/trend/index5156.html]
[kiti.wpbingosite.com/product-tag/hot/page/2/index.html]
[static.xx.fbcdn.net/rsrc.php/v5/y8/l/0,cross/BXnqDJCVKMO.css]
[kiti.wpbingosite.com/product-tag/trend/index729c.html]
[kiti.wpbingosite.com/product-tag/trend/indexa0bc.html]
[kiti.wpbingosite.com/product-tag/trend/index28f0.html]
[kiti.wpbingosite.com/product-tag/trend/index3c0b.html]
[kiti.wpbingosite.com/product-tag/trend/index1bb0.html]
[kiti.wpbingosite.com/product-tag/trend/index6a50.html]
[kiti.wpbingosite.com/product-tag/trend/index9aa4.html]
[static.xx.fbcdn.net/rsrc.php/v5/yK/l/0,cross/CwO5Kb7DBBe.css]
[kiti.wpbingosite.com/product-tag/trend/indexaf48.html]
[kiti.wpbingosite.com/product-tag/trend/indexa220.html]
[kiti.wpbingosite.com/product-tag/trend/indexf4e0.html]
[kiti.wpbingosite.com/product-tag/trend/index2f7b.html]
[kiti.wpbingosite.com/product-tag/trend/index03ab.html]
[static.xx.fbcdn.net/rsrc.php/v5/yd/l/0,cross/jnQ2kSovYyK.css]
[kiti.wpbingosite.com/product-tag/trend/index356f.html]
[kiti.wpbingosite.com/product-tag/trend/indexd1f8.html]
[kiti.wpbingosite.com/product-tag/trend/indexa462.html]
[kiti.wpbingosite.com/product-tag/trend/index9ed0.html]
[kiti.wpbingosite.com/product-tag/trend/indexadde.html]
[kiti.wpbingosite.com/product-tag/trend/indexf04a.html]
[kiti.wpbingosite.com/product-tag/trend/indexa863.html]
[kiti.wpbingosite.com/product-tag/trend/indexf442.html]
[static.xx.fbcdn.net/rsrc.php/v5/yo/l/0,cross/dz59Lk5kFxe.css]
[kiti.wpbingosite.com/product-tag/trend/indexc529.html]
[kiti.wpbingosite.com/product-tag/trend/indexb540.html]
[kiti.wpbingosite.com/product-tag/trend/index23a6.html]
[kiti.wpbingosite.com/product-tag/trend/index2d32.html]
[kiti.wpbingosite.com/product-tag/trend/indexb8cd.html]
[kiti.wpbingosite.com/product-tag/trend/index0a14.html]
[kiti.wpbingosite.com/product-tag/trend/index1735.html]
[static.xx.fbcdn.net/rsrc.php/v4/yv/r/EGT_OYHpvIz.js]
[kiti.wpbingosite.com/product-tag/trend/index6af8.html]
[kiti.wpbingosite.com/product-tag/trend/index3c77.html]
[kiti.wpbingosite.com/product-tag/trend/indexefa7.html]
[kiti.wpbingosite.com/product-tag/trend/page/2/index.html]
[www.facebook.com/data/manifest/index1e5b.html]
[static.xx.fbcdn.net/rsrc.php/v4/yq/r/rUZ40FanOcX.js]
[www.facebook.com/share_channel/index44d7.html]
[static.licdn.com/aero-v1/sc/h/akt4ae504epesldzj74dzred8.svg]
[static.licdn.com/scds/common/u/images/logos/favicons/v1/favicon.ico]
[www.linkedin.com/uas/mainBundleCdnUrl, location.6f4.delayed]
[www.linkedin.com/uas/importMapBundleCdnUrl, location.6f5.delayed]
[static.licdn.com/aero-v1/sc/h/assets/Gky-laby.css]
[static.licdn.com/aero-v1/sc/h/assets/BNzkVC7v.js]
[static.licdn.com/aero-v1/sc/h/assets/BDqwEdCl.js]
[static.licdn.com/aero-v1/sc/h/assets/CnDG3DbU.js]
[static.licdn.com/aero-v1/sc/h/assets/B4vr5f4i.js]
[static.licdn.com/aero-v1/sc/h/assets/DWNiUyE2.js]
[static.licdn.com/aero-v1/sc/h/assets/D_INcuql.js]
[static.licdn.com/aero-v1/sc/h/assets/BqMatYJV.js]
[static.licdn.com/aero-v1/sc/h/assets/Buswyq_z.js]
[static.licdn.com/aero-v1/sc/h/assets/BHRQBhTH.js]
[static.licdn.com/aero-v1/sc/h/assets/CVHQjrM6.js]
[static.licdn.com/aero-v1/sc/h/assets/B-RTTW39.js]
[static.licdn.com/aero-v1/sc/h/assets/fD8hAUE8.js]
[static.licdn.com/aero-v1/sc/h/assets/ias5Ibla.js]
[www.linkedin.com/uas/login0f08.html]
[kiti.wpbingosite.com/shop/midnight-sky-ocean-sounds/index0a14.html]
[kiti.wpbingosite.com/shop/midnight-sky-ocean-sounds/index356f.html]
[kiti.wpbingosite.com/shop/midnight-sky-ocean-sounds/index03ab.html]
[kiti.wpbingosite.com/shop/midnight-sky-ocean-sounds/index1735.html]
[kiti.wpbingosite.com/shop/midnight-sky-ocean-sounds/indexd1f8.html]
[kiti.wpbingosite.com/cart/index8d32.html]
[kiti.wpbingosite.com/shop/midnight-sky-ocean-sounds/indexa863.html]
[kiti.wpbingosite.com/shop/midnight-sky-ocean-sounds/index9ed0.html]
[kiti.wpbingosite.com/shop/midnight-sky-ocean-sounds/indexc463.html]
[kiti.wpbingosite.com/cart/indexf892.html]
[kiti.wpbingosite.com/shop/midnight-sky-ocean-sounds/indexf04a.html]
[kiti.wpbingosite.com/shop/midnight-sky-ocean-sounds/indexb540.html]
[kiti.wpbingosite.com/shop/midnight-sky-ocean-sounds/indexa462.html]
[kiti.wpbingosite.com/shop/midnight-sky-ocean-sounds/indexf442.html]
[kiti.wpbingosite.com/shop/midnight-sky-ocean-sounds/index6af8.html]
[kiti.wpbingosite.com/shop/midnight-sky-ocean-sounds/index9e86.html]
[kiti.wpbingosite.com/shop/midnight-sky-ocean-sounds/index94e8.html]
[kiti.wpbingosite.com/index070c.html]
[kiti.wpbingosite.com/index6997.html]
[kiti.wpbingosite.com/shop/graphic-training-top/indexf442.html]
[kiti.wpbingosite.com/wp-json/wp/v2/product_tag/257.json]
[kiti.wpbingosite.com/product-tag/life-style/index.html]
[kiti.wpbingosite.com/shop/midnight-sky-ocean-sounds/indexadde.html]
[kiti.wpbingosite.com/product-tag/life-style/feed/index.html]
[kiti.wpbingosite.com/product-tag/life-style/index3c0b.html]
[kiti.wpbingosite.com/product-tag/life-style/index5156.html]
[kiti.wpbingosite.com/product-tag/life-style/indexa0bc.html]
[kiti.wpbingosite.com/product-tag/life-style/index729c.html]
[kiti.wpbingosite.com/product-tag/life-style/index6a50.html]
[kiti.wpbingosite.com/product-tag/life-style/index28f0.html]
[kiti.wpbingosite.com/product-tag/life-style/index1bb0.html]
[kiti.wpbingosite.com/product-tag/life-style/indexaf48.html]
[kiti.wpbingosite.com/product-tag/life-style/index9aa4.html]
[kiti.wpbingosite.com/product-tag/life-style/indexa220.html]
[www.facebook.com/share_channel/index705f.html]
[kiti.wpbingosite.com/product-tag/life-style/indexf442.html]
[kiti.wpbingosite.com/product-tag/life-style/indexa863.html]
[www.facebook.com/share_channel/index51af.html]
[www.facebook.com/rc747.html]
[www.facebook.com/login/identify/index6de4.html]
[appleid.apple.com/auth/authorizea167.html]
[facebook.dlocal.com/index.html]
[www.facebook.com/index.html]
[www.linkedin.com/uas/logina806.html]
[www.linkedin.com/sensorCollect/index98eb.html]
[www.linkedin.com/index.html]
[www.linkedin.com/legal/user-agreement/index.html]
[www.linkedin.com/help/linkedin/answer/a403269/index.html]
[www.linkedin.com/legal/privacy-policy/index.html]
[www.linkedin.com/legal/cookie-policy/index.html]
[www.linkedin.com/help/linkedin/index.html]
[kiti.wpbingosite.com/shop/graphic-training-top/indexb8cd.html]
[www.linkedin.com/legal/copyright-policy/index.html]
[www.linkedin.com/login/bn-in/indexc3c1.html]
[kiti.wpbingosite.com/shop/graphic-training-top/indexd1f8.html]
[www.linkedin.com/login/el-gr/indexc3c1.html]
[kiti.wpbingosite.com/shop/graphic-training-top/index9ed0.html]
[kiti.wpbingosite.com/shop/graphic-training-top/indexa462.html]
[kiti.wpbingosite.com/shop/graphic-training-top/indexadde.html]
[kiti.wpbingosite.com/shop/graphic-training-top/index23a6.html]
[kiti.wpbingosite.com/shop/graphic-training-top/indexc529.html]
[kiti.wpbingosite.com/shop/graphic-training-top/indexf04a.html]
[www.linkedin.com/login/th-th/indexc3c1.html]
[kiti.wpbingosite.com/shop/graphic-training-top/indexb540.html]
[kiti.wpbingosite.com/index6d37.html]
[www.linkedin.com/passwordReset/indexc3c1.html]
[kiti.wpbingosite.com/shop/graphic-training-top/index0a14.html]
[kiti.wpbingosite.com/shop/graphic-training-top/index1735.html]
[kiti.wpbingosite.com/shop/graphic-training-top/indexda72.html]
[kiti.wpbingosite.com/shop/graphic-training-top/index309f.html]
[kiti.wpbingosite.com/shop/graphic-training-top/index356f.html]
[kiti.wpbingosite.com/shop/graphic-training-top/index03ab.html]
[kiti.wpbingosite.com/cart/index5c43.html]
[kiti.wpbingosite.com/cart/indexf91d.html]
[kiti.wpbingosite.com/cart/index57f4.html]
[kiti.wpbingosite.com/cart/indexf102.html]
[www.youtube.com/s/desktop/ba34cc3c/img/favicon.ico]
[www.youtube.com/s/desktop/ba34cc3c/img/favicon_32x32.png]
[www.youtube.com/s/desktop/ba34cc3c/img/favicon_48x48.png]
[www.youtube.com/s/desktop/ba34cc3c/img/favicon_96x96.png]
[www.youtube.com/s/desktop/ba34cc3c/img/favicon_144x144.png]
[www.youtube.com/s/desktop/ba34cc3c/jsbin/web-animations-next-lite.min.vflset/web-animations-next-lite.min.js]
[www.youtube.com/s/desktop/ba34cc3c/jsbin/webcomponents-all-noPatch.vflset/webcomponents-all-noPatch.js]
[www.youtube.com/s/desktop/ba34cc3c/jsbin/fetch-polyfill.vflset/fetch-polyfill.js]
[www.youtube.com/s/desktop/ba34cc3c/jsbin/intersection-observer.min.vflset/intersection-observer.min.js]
[www.youtube.com/s/desktop/ba34cc3c/jsbin/scheduler.vflset/scheduler.js]
[www.youtube.com/s/desktop/ba34cc3c/jsbin/www-i18n-constants-en_US.vflset/www-i18n-constants.js]
[www.youtube.com/opensearch97fa]
[www.youtube.com/manifest.webmanifest]
[www.youtube.com/watch7552.html]
[www.youtube.com/watchdea3.html]
[www.youtube.com/android-app_/com.google.android.youtube/http/www.youtube.com/watch4e52.html]
[www.youtube.com/ios-app_/544007664/vnd.youtube/www.youtube.com/watch.74a4e52.delayed]
[www.youtube.com/oembedb8da.json]
[www.youtube.com/oembed0dbc]
[i.ytimg.com/vi/RrHDDyjBE7M/maxresdefault.jpg]
[www.youtube.com/embed/RrHDDyjBE7M.html]
[www.youtube.com/@buzzfeedtasty.html]
[i.ytimg.com/vi/RrHDDyjBE7M/hqdefault.jpg]
[www.youtube.com/s/player/886cbf26/player_ias.vflset/en_US/base.js]
[www.youtube.com/s/desktop/ba34cc3c/jsbin/spf.vflset/spf.js]
[www.youtube.com/s/desktop/ba34cc3c/jsbin/network.vflset/network.js]
[accounts.google.com/InteractiveLogin.756eac7.delayed]
[accounts.google.com/v3/signin/identifierc01e.html]
[developers.google.com/youtube.html]
[www.youtube.com/t/terms.html]
[www.youtube.com/t/contact_us/index.html]
[www.youtube.com/index.html]
[www.youtube.com/ads/index.html]
[www.youtube.com/creators/index.html]
[policies.google.com/privacyfef7.html]
[www.youtube.com/howyoutubeworks/indexd320.html]
[www.youtube.com/new.html]
[www.youtube.com/s/_/ytmainappweb/_/js/k=ytmainappweb.kevlar_base.en_US.syQuM5fVnvA.es5.O/am=AAAAQAAAIABI/d=1/rs=AGKMywGD04J8luqxV7AhQDtjLt0yjcahHg/m=kevlar_base_module,kevlar_main_module,kevlar_base_sync_mod_chunk]
[www.youtube.com/async_attach_app_loader.75f.delayed]
[www.youtube.com/watch4e52.html]
[kiti.wpbingosite.com/index418d.html]
[kiti.wpbingosite.com/shop/backbeat-fit-3200/index2f7b.html]
[www.facebook.com/share_channel/indexdb62.html]
[kiti.wpbingosite.com/shop/backbeat-fit-3200/index2d32.html]
[www.linkedin.com/uas/loginb23b.html]
[www.facebook.com/share_channel/indexef0e.html]
[kiti.wpbingosite.com/shop/backbeat-fit-3200/index650d.html]
[www.linkedin.com/login/cs-cz/indexd3fb.html]
[kiti.wpbingosite.com/shop/backbeat-fit-3200/indexc346.html]
[kiti.wpbingosite.com/shop/backbeat-fit-3200/indexa863.html]
[kiti.wpbingosite.com/shop/backbeat-fit-3200/indexf442.html]
[kiti.wpbingosite.com/shop/backbeat-fit-3200/index23a6.html]
[kiti.wpbingosite.com/shop/backbeat-fit-3200/indexc529.html]
[kiti.wpbingosite.com/shop/backbeat-fit-3200/index9e86.html]
[kiti.wpbingosite.com/shop/backbeat-fit-3200/index3c77.html]
[www.linkedin.com/passwordReset/indexd3fb.html]
[kiti.wpbingosite.com/shop/backbeat-fit-3200/index6af8.html]
[kiti.wpbingosite.com/cart/index4030.html]
[kiti.wpbingosite.com/shop/backbeat-fit-3200/indexefa7.html]
[kiti.wpbingosite.com/shop/backbeat-fit-3200/indexd1f8.html]
[kiti.wpbingosite.com/shop/backbeat-fit-3200/index9ed0.html]
[kiti.wpbingosite.com/shop/backbeat-fit-3200/indexc463.html]
[kiti.wpbingosite.com/indexa56c.html]
[kiti.wpbingosite.com/cart/index277c.html]
[kiti.wpbingosite.com/shop/backbeat-fit-3200/indexa462.html]
[kiti.wpbingosite.com/cart/indexaf94.html]
[kiti.wpbingosite.com/shop/backbeat-fit-3200/indexadde.html]
[kiti.wpbingosite.com/shop/backbeat-fit-3200/index0a14.html]
[kiti.wpbingosite.com/shop/backbeat-fit-3200/index1735.html]
[kiti.wpbingosite.com/shop/backbeat-fit-3200/index356f.html]
[kiti.wpbingosite.com/indexa342.html]
[kiti.wpbingosite.com/shop/product-view-360/indexc346.html]
[www.facebook.com/share_channel/index102f.html]
[kiti.wpbingosite.com/shop/backbeat-fit-3200/index03ab.html]
[www.linkedin.com/uas/loginf903.html]
[kiti.wpbingosite.com/cart/index8c4c.html]
[kiti.wpbingosite.com/shop/product-view-360/indexa462.html]
[kiti.wpbingosite.com/shop/product-view-360/indexadde.html]
[kiti.wpbingosite.com/cart/indexf24f.html]
[kiti.wpbingosite.com/shop/product-view-360/indexf4e0.html]
[kiti.wpbingosite.com/shop/product-view-360/index2f7b.html]
[kiti.wpbingosite.com/cart/index6ca3.html]
[kiti.wpbingosite.com/shop/product-view-360/index356f.html]
[kiti.wpbingosite.com/shop/product-view-360/index03ab.html]
[kiti.wpbingosite.com/cart/index2adb.html]
[kiti.wpbingosite.com/wp-json/wp/v2/product/3987.json]
[kiti.wpbingosite.com/wp-json/oembed/1.0/embed309b.json]
[kiti.wpbingosite.com/shop/younger-kids-jdi-t-shirt/feed/index.html]
[kiti.wpbingosite.com/wp-json/oembed/1.0/embed1f37]
[kiti.wpbingosite.com/shop/younger-kids-jdi-t-shirt/indexda72.html]
[www.facebook.com/share_channel/index5ca9.html]
[kiti.wpbingosite.com/shop/younger-kids-jdi-t-shirt/index.html]
[kiti.wpbingosite.com/shop/younger-kids-jdi-t-shirt/index650d.html]
[kiti.wpbingosite.com/shop/younger-kids-jdi-t-shirt/indexa863.html]
[kiti.wpbingosite.com/shop/younger-kids-jdi-t-shirt/indexc346.html]
[kiti.wpbingosite.com/shop/product-view-360/index309f.html]
[kiti.wpbingosite.com/shop/younger-kids-jdi-t-shirt/indexf442.html]
[kiti.wpbingosite.com/shop/younger-kids-jdi-t-shirt/index3c77.html]
[kiti.wpbingosite.com/shop/younger-kids-jdi-t-shirt/index9e86.html]
[kiti.wpbingosite.com/shop/younger-kids-jdi-t-shirt/indexefa7.html]
[kiti.wpbingosite.com/shop/product-view-360/indexda72.html]
[kiti.wpbingosite.com/shop/younger-kids-jdi-t-shirt/indexc463.html]
[kiti.wpbingosite.com/cart/indexd4be.html]
[kiti.wpbingosite.com/shop/product-view-360/index3c77.html]
[kiti.wpbingosite.com/shop/product-view-360/indexefa7.html]
[kiti.wpbingosite.com/shop/graphic-training-top/index2d32.html]
[kiti.wpbingosite.com/shop/graphic-training-top/indexf4e0.html]
[kiti.wpbingosite.com/shop/graphic-training-top/index2f7b.html]
[kiti.wpbingosite.com/shop/graphic-training-top/index6af8.html]
[kiti.wpbingosite.com/shop/graphic-training-top/index94e8.html]
[kiti.wpbingosite.com/cart/indexf405.html]
[kiti.wpbingosite.com/cart/index2fb5.html]
[kiti.wpbingosite.com/shop/graphic-training-top/index3c77.html]
[kiti.wpbingosite.com/shop/graphic-training-top/indexefa7.html]
[kiti.wpbingosite.com/index83b1.html]
[kiti.wpbingosite.com/indexf243.html]
[kiti.wpbingosite.com/shop/heston-boiler-espresso-machine/indexb540.html]
[kiti.wpbingosite.com/shop/heston-boiler-espresso-machine/indexf4e0.html]
[www.facebook.com/share_channel/indexbc8d.html]
[kiti.wpbingosite.com/shop/heston-boiler-espresso-machine/index2f7b.html]
[kiti.wpbingosite.com/shop/heston-boiler-espresso-machine/index94e8.html]
[www.linkedin.com/uas/login2c12.html]
[kiti.wpbingosite.com/cart/index7fbb.html]
[kiti.wpbingosite.com/shop/heston-boiler-espresso-machine/index0a14.html]
[kiti.wpbingosite.com/shop/heston-boiler-espresso-machine/index1735.html]
[kiti.wpbingosite.com/shop/heston-boiler-espresso-machine/index2d32.html]
[www.facebook.com/share_channel/index5448.html]
[kiti.wpbingosite.com/shop/heston-boiler-espresso-machine/indexa863.html]
[www.linkedin.com/login/el-gr/indexf1f5.html]
[kiti.wpbingosite.com/shop/heston-boiler-espresso-machine/indexf442.html]
[kiti.wpbingosite.com/shop/heston-boiler-espresso-machine/indexc463.html]
[kiti.wpbingosite.com/shop/heston-boiler-espresso-machine/index3c77.html]
[kiti.wpbingosite.com/shop/heston-boiler-espresso-machine/indexefa7.html]
[kiti.wpbingosite.com/shop/heston-boiler-espresso-machine/index356f.html]
[kiti.wpbingosite.com/shop/heston-boiler-espresso-machine/index03ab.html]
[kiti.wpbingosite.com/indexa968.html]
[kiti.wpbingosite.com/index92fc.html]
[kiti.wpbingosite.com/shop/natus-erro-at-congue-massa/indexb8cd.html]
[www.facebook.com/share_channel/indexdff6.html]
[www.linkedin.com/uas/loginfd99.html]
[kiti.wpbingosite.com/shop/natus-erro-at-congue-massa/index0a14.html]
[kiti.wpbingosite.com/shop/natus-erro-at-congue-massa/index1735.html]
[kiti.wpbingosite.com/shop/natus-erro-at-congue-massa/index9e86.html]
[kiti.wpbingosite.com/shop/natus-erro-at-congue-massa/indexa462.html]
[kiti.wpbingosite.com/shop/natus-erro-at-congue-massa/indexadde.html]
[kiti.wpbingosite.com/shop/natus-erro-at-congue-massa/index94e8.html]
[kiti.wpbingosite.com/shop/natus-erro-at-congue-massa/index6af8.html]
[kiti.wpbingosite.com/indexd3c1.html]
[kiti.wpbingosite.com/index824b.html]
[kiti.wpbingosite.com/shop/philips-hr1861-whole-fruit-juicer/index94e8.html]
[www.facebook.com/share_channel/index6909.html]
[www.linkedin.com/uas/login4eaa.html]
[kiti.wpbingosite.com/shop/philips-hr1861-whole-fruit-juicer/index356f.html]
[kiti.wpbingosite.com/shop/philips-hr1861-whole-fruit-juicer/index03ab.html]
[kiti.wpbingosite.com/shop/philips-hr1861-whole-fruit-juicer/index2d32.html]
[kiti.wpbingosite.com/shop/philips-hr1861-whole-fruit-juicer/index6af8.html]
[kiti.wpbingosite.com/shop/philips-hr1861-whole-fruit-juicer/index3c77.html]
[kiti.wpbingosite.com/shop/philips-hr1861-whole-fruit-juicer/indexefa7.html]
[kiti.wpbingosite.com/shop/philips-hr1861-whole-fruit-juicer/index9e86.html]
[kiti.wpbingosite.com/indexc18c.html]
[kiti.wpbingosite.com/index817d.html]
[kiti.wpbingosite.com/shop/panasonic-in-ear-stereo-earphones/index1735.html]
[www.facebook.com/share_channel/index45b8.html]
[www.linkedin.com/uas/login526f.html]
[kiti.wpbingosite.com/shop/panasonic-in-ear-stereo-earphones/index3c77.html]
[kiti.wpbingosite.com/shop/panasonic-in-ear-stereo-earphones/indexefa7.html]
[kiti.wpbingosite.com/shop/panasonic-in-ear-stereo-earphones/index6af8.html]
[kiti.wpbingosite.com/shop/panasonic-in-ear-stereo-earphones/index2d32.html]
[kiti.wpbingosite.com/shop/panasonic-in-ear-stereo-earphones/indexd1f8.html]
[kiti.wpbingosite.com/shop/panasonic-in-ear-stereo-earphones/index9ed0.html]
[kiti.wpbingosite.com/shop/panasonic-in-ear-stereo-earphones/indexa863.html]
[kiti.wpbingosite.com/shop/panasonic-in-ear-stereo-earphones/indexf442.html]
[kiti.wpbingosite.com/shop/panasonic-in-ear-stereo-earphones/index356f.html]
[kiti.wpbingosite.com/shop/panasonic-in-ear-stereo-earphones/index03ab.html]
[kiti.wpbingosite.com/shop/panasonic-in-ear-stereo-earphones/indexa462.html]
[kiti.wpbingosite.com/shop/panasonic-in-ear-stereo-earphones/indexadde.html]
[kiti.wpbingosite.com/shop/panasonic-in-ear-stereo-earphones/index94e8.html]
[kiti.wpbingosite.com/shop/natus-erro-at-congue-massa/indexd1f8.html]
[kiti.wpbingosite.com/shop/natus-erro-at-congue-massa/index9ed0.html]
[kiti.wpbingosite.com/shop/natus-erro-at-congue-massa/indexc463.html]
[kiti.wpbingosite.com/shop/natus-erro-at-congue-massa/indexf4e0.html]
[kiti.wpbingosite.com/shop/natus-erro-at-congue-massa/index2f7b.html]
[kiti.wpbingosite.com/shop/natus-erro-at-congue-massa/index23a6.html]
[kiti.wpbingosite.com/shop/natus-erro-at-congue-massa/indexc529.html]
[kiti.wpbingosite.com/shop/natus-erro-at-congue-massa/index356f.html]
[kiti.wpbingosite.com/shop/natus-erro-at-congue-massa/index03ab.html]
[kiti.wpbingosite.com/indexbf00.html]
[kiti.wpbingosite.com/index2c72.html]
[kiti.wpbingosite.com/shop/react-metcon-training/index9e86.html]
[kiti.wpbingosite.com/product-tag/women/index.html]
[www.facebook.com/share_channel/index909a.html]
[www.linkedin.com/uas/loginc222.html]
[kiti.wpbingosite.com/shop/react-metcon-training/index2d32.html]
[kiti.wpbingosite.com/shop/react-metcon-training/indexa462.html]
[kiti.wpbingosite.com/shop/react-metcon-training/indexadde.html]
[kiti.wpbingosite.com/shop/react-metcon-training/index0a14.html]
[kiti.wpbingosite.com/shop/react-metcon-training/index1735.html]
[kiti.wpbingosite.com/shop/react-metcon-training/indexf04a.html]
[kiti.wpbingosite.com/shop/react-metcon-training/indexb540.html]
[kiti.wpbingosite.com/shop/react-metcon-training/index94e8.html]
[kiti.wpbingosite.com/index35d9.html]
[kiti.wpbingosite.com/indexf709.html]
[kiti.wpbingosite.com/shop/paris-saint-germain/index6af8.html]
[www.facebook.com/share_channel/indexc68f.html]
[www.linkedin.com/uas/loginfa6e.html]
[kiti.wpbingosite.com/shop/paris-saint-germain/indexf4e0.html]
[kiti.wpbingosite.com/shop/paris-saint-germain/index2f7b.html]
[kiti.wpbingosite.com/shop/paris-saint-germain/index23a6.html]
[kiti.wpbingosite.com/shop/paris-saint-germain/indexc529.html]
[kiti.wpbingosite.com/shop/paris-saint-germain/index3c77.html]
[kiti.wpbingosite.com/shop/paris-saint-germain/indexefa7.html]
[kiti.wpbingosite.com/shop/paris-saint-germain/indexa863.html]
[kiti.wpbingosite.com/shop/paris-saint-germain/indexf442.html]
[kiti.wpbingosite.com/shop/paris-saint-germain/index356f.html]
[kiti.wpbingosite.com/shop/paris-saint-germain/index03ab.html]
[kiti.wpbingosite.com/indexc4f9.html]
[kiti.wpbingosite.com/indexc88f.html]
[kiti.wpbingosite.com/shop/wireless-bluetooth-speaker/indexefa7.html]
[www.facebook.com/share_channel/index180b.html]
[www.linkedin.com/uas/login516d.html]
[kiti.wpbingosite.com/shop/wireless-bluetooth-speaker/index0a14.html]
[kiti.wpbingosite.com/shop/wireless-bluetooth-speaker/index1735.html]
[kiti.wpbingosite.com/shop/wireless-bluetooth-speaker/index6af8.html]
[kiti.wpbingosite.com/shop/wireless-bluetooth-speaker/indexf04a.html]
[kiti.wpbingosite.com/shop/wireless-bluetooth-speaker/indexb540.html]
[kiti.wpbingosite.com/shop/wireless-bluetooth-speaker/index9e86.html]
[kiti.wpbingosite.com/shop/wireless-bluetooth-speaker/indexf4e0.html]
[kiti.wpbingosite.com/shop/wireless-bluetooth-speaker/index2f7b.html]
[kiti.wpbingosite.com/shop/wireless-bluetooth-speaker/index94e8.html]
[kiti.wpbingosite.com/shop/wireless-bluetooth-speaker/index309f.html]
[kiti.wpbingosite.com/shop/wireless-bluetooth-speaker/indexda72.html]
[kiti.wpbingosite.com/shop/wireless-bluetooth-speaker/indexc463.html]
[kiti.wpbingosite.com/shop/wireless-bluetooth-speaker/indexa863.html]
[kiti.wpbingosite.com/shop/wireless-bluetooth-speaker/indexf442.html]
[kiti.wpbingosite.com/shop/react-metcon-training/index23a6.html]
[kiti.wpbingosite.com/shop/react-metcon-training/indexc529.html]
[kiti.wpbingosite.com/shop/react-metcon-training/indexb8cd.html]
[kiti.wpbingosite.com/shop/react-metcon-training/indexc463.html]
[kiti.wpbingosite.com/shop/react-metcon-training/index3c77.html]
[kiti.wpbingosite.com/shop/react-metcon-training/indexefa7.html]
[kiti.wpbingosite.com/index4605.html]
[kiti.wpbingosite.com/indexf0e3.html]
[kiti.wpbingosite.com/shop/galaxy-watch-active/indexadde.html]
[www.facebook.com/share_channel/index7a08.html]
[www.linkedin.com/uas/logine939.html]
[kiti.wpbingosite.com/shop/galaxy-watch-active/indexc463.html]
[kiti.wpbingosite.com/shop/galaxy-watch-active/index6af8.html]
[kiti.wpbingosite.com/shop/galaxy-watch-active/index2d32.html]
[kiti.wpbingosite.com/shop/galaxy-watch-active/index356f.html]
[kiti.wpbingosite.com/shop/galaxy-watch-active/index03ab.html]
[kiti.wpbingosite.com/shop/galaxy-watch-active/index3c77.html]
[kiti.wpbingosite.com/shop/galaxy-watch-active/indexefa7.html]
[kiti.wpbingosite.com/shop/backbeat-fit-3200/indexb8cd.html]
[kiti.wpbingosite.com/shop/backbeat-fit-3200/indexf04a.html]
[kiti.wpbingosite.com/shop/backbeat-fit-3200/indexb540.html]
[kiti.wpbingosite.com/shop/backbeat-fit-3200/index94e8.html]
[kiti.wpbingosite.com/index9d67.html]
[kiti.wpbingosite.com/index90ab.html]
[kiti.wpbingosite.com/shop/fleece-printed-crew/index9ed0.html]
[www.facebook.com/share_channel/index779f.html]
[www.linkedin.com/uas/login9a93.html]
[kiti.wpbingosite.com/shop/fleece-printed-crew/indexb8cd.html]
[kiti.wpbingosite.com/shop/fleece-printed-crew/index9e86.html]
[kiti.wpbingosite.com/shop/fleece-printed-crew/index6af8.html]
[kiti.wpbingosite.com/shop/fleece-printed-crew/index2d32.html]
[kiti.wpbingosite.com/shop/fleece-printed-crew/index356f.html]
[kiti.wpbingosite.com/shop/fleece-printed-crew/index03ab.html]
[kiti.wpbingosite.com/shop/fleece-printed-crew/indexf04a.html]
[kiti.wpbingosite.com/shop/fleece-printed-crew/indexb540.html]
[kiti.wpbingosite.com/shop/fleece-printed-crew/indexc463.html]
[kiti.wpbingosite.com/shop/fleece-printed-crew/index3c77.html]
[kiti.wpbingosite.com/shop/fleece-printed-crew/indexefa7.html]
[kiti.wpbingosite.com/shop/fleece-printed-crew/indexa462.html]
[kiti.wpbingosite.com/shop/fleece-printed-crew/indexadde.html]
[kiti.wpbingosite.com/shop/fleece-printed-crew/indexf4e0.html]
[kiti.wpbingosite.com/shop/fleece-printed-crew/index2f7b.html]
[kiti.wpbingosite.com/shop/fleece-printed-crew/indexa863.html]
[kiti.wpbingosite.com/shop/fleece-printed-crew/indexf442.html]
[kiti.wpbingosite.com/shop/fleece-printed-crew/index94e8.html]
[kiti.wpbingosite.com/index4556.html]
[kiti.wpbingosite.com/index3b8a.html]
[www.facebook.com/share_channel/indexcadf.html]
[www.linkedin.com/uas/loginb2ce.html]
[kiti.wpbingosite.com/shop/zer0-3-sneaker/index6141.html]
[kiti.wpbingosite.com/shop/zer0-3-sneaker/indexc463.html]
[kiti.wpbingosite.com/shop/zer0-3-sneaker/index9e86.html]
[kiti.wpbingosite.com/indexa392.html]
[kiti.wpbingosite.com/indexfa31.html]
[kiti.wpbingosite.com/shop/medium-support-bra/indexc529.html]
[www.facebook.com/share_channel/index02ba.html]
[www.linkedin.com/uas/login5bd1.html]
[kiti.wpbingosite.com/shop/medium-support-bra/index94e8.html]
[kiti.wpbingosite.com/shop/medium-support-bra/indexd1f8.html]
[kiti.wpbingosite.com/shop/medium-support-bra/index9ed0.html]
[kiti.wpbingosite.com/shop/medium-support-bra/index9e86.html]
[kiti.wpbingosite.com/shop/medium-support-bra/indexa863.html]
[kiti.wpbingosite.com/shop/medium-support-bra/indexf442.html]
[kiti.wpbingosite.com/shop/medium-support-bra/index6af8.html]
[kiti.wpbingosite.com/shop/galaxy-watch-active/indexb8cd.html]
[kiti.wpbingosite.com/shop/galaxy-watch-active/index650d.html]
[kiti.wpbingosite.com/shop/galaxy-watch-active/indexc346.html]
[kiti.wpbingosite.com/shop/galaxy-watch-active/index0a14.html]
[kiti.wpbingosite.com/shop/galaxy-watch-active/index1735.html]
[kiti.wpbingosite.com/shop/heston-boiler-espresso-machine/indexa462.html]
[kiti.wpbingosite.com/shop/heston-boiler-espresso-machine/indexadde.html]
[kiti.wpbingosite.com/shop/heston-boiler-espresso-machine/index23a6.html]
[kiti.wpbingosite.com/shop/heston-boiler-espresso-machine/indexc529.html]
[kiti.wpbingosite.com/shop/heston-boiler-espresso-machine/index6af8.html]
[kiti.wpbingosite.com/shop/philips-hr1861-whole-fruit-juicer/indexa863.html]
[kiti.wpbingosite.com/shop/philips-hr1861-whole-fruit-juicer/indexf442.html]
[kiti.wpbingosite.com/shop/philips-hr1861-whole-fruit-juicer/indexa462.html]
[kiti.wpbingosite.com/shop/philips-hr1861-whole-fruit-juicer/indexadde.html]
[kiti.wpbingosite.com/shop/philips-hr1861-whole-fruit-juicer/indexb8cd.html]
[kiti.wpbingosite.com/shop/philips-hr1861-whole-fruit-juicer/indexc463.html]
[kiti.wpbingosite.com/index79ca.html]
[kiti.wpbingosite.com/indexb6d2.html]
[kiti.wpbingosite.com/shop/mens-shoe-airi-max/indexc463.html]
[kiti.wpbingosite.com/product-tag/fashion/index.html]
[kiti.wpbingosite.com/product-tag/men/index.html]
[www.facebook.com/share_channel/index49b5.html]
[www.linkedin.com/uas/login1a73.html]
[kiti.wpbingosite.com/shop/mens-shoe-airi-max/index6141.html]
[kiti.wpbingosite.com/shop/mens-shoe-airi-max/indexf4e0.html]
[kiti.wpbingosite.com/shop/mens-shoe-airi-max/index2f7b.html]
[kiti.wpbingosite.com/shop/mens-shoe-airi-max/indexb8cd.html]
[kiti.wpbingosite.com/shop/mens-shoe-airi-max/index0a14.html]
[kiti.wpbingosite.com/shop/mens-shoe-airi-max/index1735.html]
[kiti.wpbingosite.com/shop/mens-shoe-airi-max/index23a6.html]
[kiti.wpbingosite.com/shop/mens-shoe-airi-max/indexc529.html]
[kiti.wpbingosite.com/shop/mens-shoe-airi-max/indexf04a.html]
[kiti.wpbingosite.com/shop/mens-shoe-airi-max/indexb540.html]
[kiti.wpbingosite.com/shop/mens-shoe-airi-max/indexd1f8.html]
[kiti.wpbingosite.com/shop/mens-shoe-airi-max/index9ed0.html]
[kiti.wpbingosite.com/shop/mens-shoe-airi-max/index9e86.html]
[kiti.wpbingosite.com/category/life-style/index.html]
[kiti.wpbingosite.com/category/shorts/index.html]
[kiti.wpbingosite.com/category/swimwear/index.html]
[kiti.wpbingosite.com/2018/05/index.html]
[kiti.wpbingosite.com/2017/04/index.html]
[kiti.wpbingosite.com/tag/baber/index.html]
[kiti.wpbingosite.com/tag/baby-needs/index.html]
[kiti.wpbingosite.com/tag/beauty/index.html]
[kiti.wpbingosite.com/tag/cosmetic/index.html]
[kiti.wpbingosite.com/tag/ear-care/index.html]
[kiti.wpbingosite.com/tag/electric/index.html]
[kiti.wpbingosite.com/tag/fashion/index.html]
[kiti.wpbingosite.com/tag/food/index.html]
[kiti.wpbingosite.com/tag/jwerly/index.html]
[kiti.wpbingosite.com/tag/medical/index.html]
[kiti.wpbingosite.com/tag/mimimal/index.html]
[kiti.wpbingosite.com/tag/organic/index.html]
[kiti.wpbingosite.com/tag/simple/index.html]
[kiti.wpbingosite.com/tag/sport/index.html]
[kiti.wpbingosite.com/category/backpack/page/2/index.html]
[kiti.wpbingosite.com/2017/04/17/post-format-quote-blogs/index.html]
[kiti.wpbingosite.com/category/backpack/page/2/indexcb45.html]
[kiti.wpbingosite.com/index1cac.html]
[kiti.wpbingosite.com/xmlrpc.html]
[kiti.wpbingosite.com/2018/05/30/traveling-solo-is-awesome/blog-8/index.html]
[kiti.wpbingosite.com/2018/05/30/traveling-solo-is-awesome/blog-7/index.html]
[kiti.wpbingosite.com/2018/05/30/traveling-solo-is-awesome/blog-6/index.html]
[www.facebook.com/share_channel/indexe4a6.html]
[www.linkedin.com/uas/login3f9a.html]
[kiti.wpbingosite.com/index44d6.html]
[player.vimeo.com/video/89465667e864.html]
[www.facebook.com/share_channel/index7005.html]
[www.linkedin.com/uas/login67be.html]
[kiti.wpbingosite.com/2017/04/17/post-format-video-blogs/index21e4.html]
[kiti.wpbingosite.com/2017/04/17/post-format-video-blogs/index28b4.html]
[kiti.wpbingosite.com/index676b.html]
[w.soundcloud.com/player/index470f.html]
[www.facebook.com/share_channel/indexdd3b.html]
[www.linkedin.com/uas/login2417.html]
[kiti.wpbingosite.com/2017/04/17/post-format-audio-blogs/indexed49.html]
[kiti.wpbingosite.com/index05a0.html]
[www.facebook.com/share_channel/indexfa9e.html]
[www.linkedin.com/uas/login76c3.html]
[kiti.wpbingosite.com/2018/05/30/traveling-solo-is-awesome/index7653.html]
[kiti.wpbingosite.com/2018/05/30/traveling-solo-is-awesome/indexee2e.html]
[kiti.wpbingosite.com/2018/05/30/traveling-solo-is-awesome/index64fc.html]
[kiti.wpbingosite.com/2018/05/30/traveling-solo-is-awesome/index5602.html]
[kiti.wpbingosite.com/index1f99.html]
[www.facebook.com/share_channel/index5870.html]
[www.linkedin.com/uas/loginf1eb.html]
[kiti.wpbingosite.com/2018/05/30/a-beautiful-sunday-morning/index2096.html]
[kiti.wpbingosite.com/index1f7e.html]
[www.facebook.com/share_channel/index7277.html]
[www.linkedin.com/uas/loginbafa.html]
[kiti.wpbingosite.com/2018/05/30/kitchen-inspired-on-japanese/index504c.html]
[kiti.wpbingosite.com/wp-content/uploads/elementor/css/post-9095efd1.css]
[kiti.wpbingosite.com/index2bba.html]
[kiti.wpbingosite.com/wp-content/plugins/elementor/assets/css/widget-google_maps.min89ce.css]
[kiti.wpbingosite.com/wp-content/uploads/elementor/css/post-15115370d.css]
[kiti.wpbingosite.com/indexfaee.html]
[www.google.com/maps/embed889b.html]
[kiti.wpbingosite.com/wp-content/uploads/elementor/css/post-14474f2a9.css]
[kiti.wpbingosite.com/indexa18d.html]
[kiti.wpbingosite.com/cart/index461e.html]
[kiti.wpbingosite.com/index7832.html]
[kiti.wpbingosite.com/index59a9.html]
[kiti.wpbingosite.com/shop/fenix-6s-smartwatch/index03ab.html]
[www.facebook.com/share_channel/index3f47.html]
[www.linkedin.com/uas/login9b25.html]
[kiti.wpbingosite.com/shop/fenix-6s-smartwatch/index9e86.html]
[kiti.wpbingosite.com/shop/fenix-6s-smartwatch/indexf4e0.html]
[kiti.wpbingosite.com/shop/fenix-6s-smartwatch/index2f7b.html]
[kiti.wpbingosite.com/shop/fenix-6s-smartwatch/indexa462.html]
[kiti.wpbingosite.com/shop/fenix-6s-smartwatch/indexadde.html]
[kiti.wpbingosite.com/shop/fenix-6s-smartwatch/indexb8cd.html]
[kiti.wpbingosite.com/shop/fenix-6s-smartwatch/index650d.html]
[kiti.wpbingosite.com/shop/fenix-6s-smartwatch/indexc346.html]
[kiti.wpbingosite.com/cart/index3cc2.html]
[kiti.wpbingosite.com/cart/index25fe.html]
[kiti.wpbingosite.com/shop/galaxy-watch-active/index9e86.html]
[kiti.wpbingosite.com/shop/galaxy-watch-active/index23a6.html]
[kiti.wpbingosite.com/shop/galaxy-watch-active/indexc529.html]
[kiti.wpbingosite.com/cart/index404a.html]
[kiti.wpbingosite.com/cart/index2e73.html]
[kiti.wpbingosite.com/cart/indexdefa.html]
[kiti.wpbingosite.com/shop/medium-support-bra/index2d32.html]
[kiti.wpbingosite.com/shop/medium-support-bra/indexb8cd.html]
[kiti.wpbingosite.com/shop/medium-support-bra/indexa462.html]
[kiti.wpbingosite.com/shop/medium-support-bra/indexadde.html]
[kiti.wpbingosite.com/cart/indexccd0.html]
[kiti.wpbingosite.com/shop/mens-shoe-airi-max/index2d32.html]
[kiti.wpbingosite.com/shop/mens-shoe-airi-max/index356f.html]
[kiti.wpbingosite.com/shop/mens-shoe-airi-max/index03ab.html]
[kiti.wpbingosite.com/brand/brand-1/index3c0b.html]
[kiti.wpbingosite.com/brand/brand-1/index5156.html]
[kiti.wpbingosite.com/brand/brand-1/indexa0bc.html]
[kiti.wpbingosite.com/brand/brand-1/index729c.html]
[kiti.wpbingosite.com/brand/brand-1/index28f0.html]
[kiti.wpbingosite.com/brand/brand-1/index6a50.html]
[kiti.wpbingosite.com/brand/brand-1/index1bb0.html]
[kiti.wpbingosite.com/brand/brand-1/index9aa4.html]
[kiti.wpbingosite.com/brand/brand-1/indexa220.html]
[kiti.wpbingosite.com/brand/brand-1/indexaf48.html]
[kiti.wpbingosite.com/brand/brand-1/indexd1f8.html]
[kiti.wpbingosite.com/brand/brand-1/index9ed0.html]
[kiti.wpbingosite.com/brand/brand-2/index3c0b.html]
[kiti.wpbingosite.com/brand/brand-2/index5156.html]
[kiti.wpbingosite.com/brand/brand-2/indexa0bc.html]
[kiti.wpbingosite.com/brand/brand-2/index729c.html]
[kiti.wpbingosite.com/brand/brand-2/index28f0.html]
[kiti.wpbingosite.com/brand/brand-2/index6a50.html]
[kiti.wpbingosite.com/brand/brand-2/index1bb0.html]
[kiti.wpbingosite.com/brand/brand-2/index9aa4.html]
[kiti.wpbingosite.com/brand/brand-2/indexa220.html]
[kiti.wpbingosite.com/brand/brand-2/indexaf48.html]
[kiti.wpbingosite.com/brand/brand-2/index23a6.html]
[kiti.wpbingosite.com/brand/brand-2/indexc529.html]
[kiti.wpbingosite.com/brand/brand-2/index309f.html]
[kiti.wpbingosite.com/brand/brand-2/indexda72.html]
[kiti.wpbingosite.com/brand/brand-3/index3c0b.html]
[kiti.wpbingosite.com/brand/brand-3/index5156.html]
[kiti.wpbingosite.com/brand/brand-3/indexa0bc.html]
[kiti.wpbingosite.com/brand/brand-3/index729c.html]
[kiti.wpbingosite.com/brand/brand-3/index28f0.html]
[kiti.wpbingosite.com/brand/brand-3/index6a50.html]
[kiti.wpbingosite.com/brand/brand-3/index1bb0.html]
[kiti.wpbingosite.com/brand/brand-3/index9aa4.html]
[kiti.wpbingosite.com/brand/brand-3/indexa220.html]
[kiti.wpbingosite.com/brand/brand-3/indexaf48.html]
[kiti.wpbingosite.com/brand/brand-3/indexc463.html]
[kiti.wpbingosite.com/brand/brand-3/index9e86.html]
[kiti.wpbingosite.com/brand/brand-3/index3c77.html]
[kiti.wpbingosite.com/brand/brand-3/indexefa7.html]
[kiti.wpbingosite.com/brand/brand-4/index3c0b.html]
[kiti.wpbingosite.com/brand/brand-4/index5156.html]
[kiti.wpbingosite.com/brand/brand-4/indexa0bc.html]
[kiti.wpbingosite.com/brand/brand-4/index729c.html]
[kiti.wpbingosite.com/brand/brand-4/index28f0.html]
[kiti.wpbingosite.com/brand/brand-4/index6a50.html]
[kiti.wpbingosite.com/brand/brand-4/index1bb0.html]
[kiti.wpbingosite.com/brand/brand-4/index9aa4.html]
[kiti.wpbingosite.com/brand/brand-4/indexa220.html]
[kiti.wpbingosite.com/brand/brand-4/indexaf48.html]
[kiti.wpbingosite.com/brand/brand-4/indexf04a.html]
[kiti.wpbingosite.com/brand/brand-4/indexb540.html]
[kiti.wpbingosite.com/brand/brand-4/indexb8cd.html]
[kiti.wpbingosite.com/brand/brand-5/index3c0b.html]
[kiti.wpbingosite.com/brand/brand-5/index5156.html]
[kiti.wpbingosite.com/brand/brand-5/indexa0bc.html]
[kiti.wpbingosite.com/brand/brand-5/index729c.html]
[kiti.wpbingosite.com/brand/brand-5/index28f0.html]
[kiti.wpbingosite.com/brand/brand-5/index6a50.html]
[kiti.wpbingosite.com/brand/brand-5/index1bb0.html]
[kiti.wpbingosite.com/brand/brand-5/index9aa4.html]
[kiti.wpbingosite.com/brand/brand-5/indexa220.html]
[kiti.wpbingosite.com/brand/brand-5/indexaf48.html]
[kiti.wpbingosite.com/brand/brand-5/indexa462.html]
[kiti.wpbingosite.com/brand/brand-5/indexadde.html]
[kiti.wpbingosite.com/brand/brand-5/indexa863.html]
[kiti.wpbingosite.com/brand/brand-5/indexf442.html]
[kiti.wpbingosite.com/brand/brand-5/index2d32.html]
[kiti.wpbingosite.com/brand/brand-5/index6af8.html]
[kiti.wpbingosite.com/brand/brand-5/index6141.html]
[kiti.wpbingosite.com/brand/brand-6/index3c0b.html]
[kiti.wpbingosite.com/brand/brand-6/index5156.html]
[kiti.wpbingosite.com/brand/brand-6/indexa0bc.html]
[kiti.wpbingosite.com/brand/brand-6/index729c.html]
[kiti.wpbingosite.com/brand/brand-6/index28f0.html]
[kiti.wpbingosite.com/brand/brand-6/index6a50.html]
[kiti.wpbingosite.com/brand/brand-6/index1bb0.html]
[kiti.wpbingosite.com/brand/brand-6/index9aa4.html]
[kiti.wpbingosite.com/brand/brand-6/indexa220.html]
[kiti.wpbingosite.com/brand/brand-6/indexaf48.html]
[kiti.wpbingosite.com/brand/brand-6/index356f.html]
[kiti.wpbingosite.com/brand/brand-6/index03ab.html]
[kiti.wpbingosite.com/brand/brand-6/index0a14.html]
[kiti.wpbingosite.com/brand/brand-6/index1735.html]
[kiti.wpbingosite.com/brand/brand-6/index650d.html]
[kiti.wpbingosite.com/brand/brand-6/indexc346.html]
[kiti.wpbingosite.com/brand/brand-6/index94e8.html]
[www.w3.org/2000/svg.html]
[kiti.wpbingosite.com/product-category/accessories/index3c0b.html]
[kiti.wpbingosite.com/product-category/accessories/index5156.html]
[kiti.wpbingosite.com/product-category/accessories/indexa0bc.html]
[kiti.wpbingosite.com/product-category/accessories/index729c.html]
[kiti.wpbingosite.com/product-category/accessories/index28f0.html]
[kiti.wpbingosite.com/product-category/accessories/index6a50.html]
[kiti.wpbingosite.com/product-category/accessories/index1bb0.html]
[kiti.wpbingosite.com/product-category/accessories/index9aa4.html]
[kiti.wpbingosite.com/product-category/accessories/indexa220.html]
[kiti.wpbingosite.com/product-category/accessories/indexaf48.html]
[kiti.wpbingosite.com/product-category/accessories/index0a14.html]
[kiti.wpbingosite.com/product-category/accessories/index1735.html]
[kiti.wpbingosite.com/product-category/accessories/index94e8.html]
[kiti.wpbingosite.com/product-category/bakeware/index3c0b.html]
[kiti.wpbingosite.com/product-category/bakeware/index5156.html]
[kiti.wpbingosite.com/product-category/bakeware/indexa0bc.html]
[kiti.wpbingosite.com/product-category/bakeware/index729c.html]
[kiti.wpbingosite.com/product-category/bakeware/index28f0.html]
[kiti.wpbingosite.com/product-category/bakeware/index6a50.html]
[kiti.wpbingosite.com/product-category/bakeware/index1bb0.html]
[kiti.wpbingosite.com/product-category/bakeware/index9aa4.html]
[kiti.wpbingosite.com/product-category/bakeware/indexa220.html]
[kiti.wpbingosite.com/product-category/bakeware/indexaf48.html]
[kiti.wpbingosite.com/product-category/bakeware/indexf4e0.html]
[kiti.wpbingosite.com/product-category/bakeware/index2f7b.html]
[kiti.wpbingosite.com/product-category/bakeware/index356f.html]
[kiti.wpbingosite.com/product-category/bakeware/index03ab.html]
[kiti.wpbingosite.com/product-category/bakeware/indexa462.html]
[kiti.wpbingosite.com/product-category/bakeware/indexadde.html]
[kiti.wpbingosite.com/product-category/bakeware/index650d.html]
[kiti.wpbingosite.com/product-category/bakeware/indexc346.html]
[kiti.wpbingosite.com/product-category/bakeware/index3c77.html]
[kiti.wpbingosite.com/product-category/bakeware/indexefa7.html]
[kiti.wpbingosite.com/product-category/ceramic-bowls/index3c0b.html]
[kiti.wpbingosite.com/product-category/ceramic-bowls/index5156.html]
[kiti.wpbingosite.com/product-category/ceramic-bowls/indexa0bc.html]
[kiti.wpbingosite.com/product-category/ceramic-bowls/index729c.html]
[kiti.wpbingosite.com/product-category/ceramic-bowls/index28f0.html]
[kiti.wpbingosite.com/product-category/ceramic-bowls/index6a50.html]
[kiti.wpbingosite.com/product-category/ceramic-bowls/index1bb0.html]
[kiti.wpbingosite.com/product-category/ceramic-bowls/index9aa4.html]
[kiti.wpbingosite.com/product-category/ceramic-bowls/indexa220.html]
[kiti.wpbingosite.com/product-category/ceramic-bowls/indexaf48.html]
[kiti.wpbingosite.com/product-category/ceramic-bowls/indexc463.html]
[kiti.wpbingosite.com/product-category/ceramic-bowls/index9e86.html]
[kiti.wpbingosite.com/product-category/ceramic-bowls/index6141.html]
[kiti.wpbingosite.com/product-category/cookware/index3c0b.html]
[kiti.wpbingosite.com/product-category/cookware/index5156.html]
[kiti.wpbingosite.com/product-category/cookware/indexa0bc.html]
[kiti.wpbingosite.com/product-category/cookware/index729c.html]
[kiti.wpbingosite.com/product-category/cookware/index28f0.html]
[kiti.wpbingosite.com/product-category/cookware/index6a50.html]
[kiti.wpbingosite.com/product-category/cookware/index1bb0.html]
[kiti.wpbingosite.com/product-category/cookware/index9aa4.html]
[kiti.wpbingosite.com/product-category/cookware/indexa220.html]
[kiti.wpbingosite.com/product-category/cookware/indexaf48.html]
[kiti.wpbingosite.com/product-category/cookware/indexa863.html]
[kiti.wpbingosite.com/product-category/cookware/indexf442.html]
[kiti.wpbingosite.com/product-category/cookware/index309f.html]
[kiti.wpbingosite.com/product-category/cookware/indexda72.html]
[kiti.wpbingosite.com/product-category/electronics/index3c0b.html]
[kiti.wpbingosite.com/product-category/electronics/index5156.html]
[kiti.wpbingosite.com/product-category/electronics/indexa0bc.html]
[kiti.wpbingosite.com/product-category/electronics/index729c.html]
[kiti.wpbingosite.com/product-category/electronics/index28f0.html]
[kiti.wpbingosite.com/product-category/electronics/index6a50.html]
[kiti.wpbingosite.com/product-category/electronics/index1bb0.html]
[kiti.wpbingosite.com/product-category/electronics/index9aa4.html]
[kiti.wpbingosite.com/product-category/electronics/indexa220.html]
[kiti.wpbingosite.com/product-category/electronics/indexaf48.html]
[kiti.wpbingosite.com/product-category/electronics/index6af8.html]
[kiti.wpbingosite.com/product-category/glassware/index3c0b.html]
[kiti.wpbingosite.com/product-category/glassware/index5156.html]
[kiti.wpbingosite.com/product-category/glassware/indexa0bc.html]
[kiti.wpbingosite.com/product-category/glassware/index729c.html]
[kiti.wpbingosite.com/product-category/glassware/index28f0.html]
[kiti.wpbingosite.com/product-category/glassware/index6a50.html]
[kiti.wpbingosite.com/product-category/glassware/index1bb0.html]
[kiti.wpbingosite.com/product-category/glassware/index9aa4.html]
[kiti.wpbingosite.com/product-category/glassware/indexa220.html]
[kiti.wpbingosite.com/product-category/glassware/indexaf48.html]
[kiti.wpbingosite.com/product-category/others/index3c0b.html]
[kiti.wpbingosite.com/product-category/others/index5156.html]
[kiti.wpbingosite.com/product-category/others/indexa0bc.html]
[kiti.wpbingosite.com/product-category/others/index729c.html]
[kiti.wpbingosite.com/product-category/others/index28f0.html]
[kiti.wpbingosite.com/product-category/others/index6a50.html]
[kiti.wpbingosite.com/product-category/others/index1bb0.html]
[kiti.wpbingosite.com/product-category/others/index9aa4.html]
[kiti.wpbingosite.com/product-category/others/indexa220.html]
[kiti.wpbingosite.com/product-category/others/indexaf48.html]
[kiti.wpbingosite.com/product-category/others/index650d.html]
[kiti.wpbingosite.com/product-category/others/indexc346.html]
[kiti.wpbingosite.com/product-category/others/index3c77.html]
[kiti.wpbingosite.com/product-category/others/indexefa7.html]
[kiti.wpbingosite.com/product-category/others/index309f.html]
[kiti.wpbingosite.com/product-category/others/indexda72.html]
[kiti.wpbingosite.com/shop/indexf838.html]
[kiti.wpbingosite.com/shop/indexba8d.html]
[kiti.wpbingosite.com/shop/index8530.html]
[kiti.wpbingosite.com/shop/index650d.html]
[kiti.wpbingosite.com/shop/indexc346.html]
[kiti.wpbingosite.com/shop/index9e86.html]
[kiti.wpbingosite.com/shop/index94e8.html]
[kiti.wpbingosite.com/shop/page/2/index5156.html]
[kiti.wpbingosite.com/shop/indexd62e.html]
[kiti.wpbingosite.com/shop/index33bb.html]
[kiti.wpbingosite.com/shop/indexa0fd.html]
[kiti.wpbingosite.com/shop/index6141.html]
[kiti.wpbingosite.com/shop/index309f.html]
[kiti.wpbingosite.com/shop/indexda72.html]
[kiti.wpbingosite.com/shop/page/2/indexa0bc.html]
[kiti.wpbingosite.com/shop/index75dd.html]
[kiti.wpbingosite.com/shop/indexae4b.html]
[kiti.wpbingosite.com/shop/index14ec.html]
[kiti.wpbingosite.com/shop/index3c77.html]
[kiti.wpbingosite.com/shop/indexefa7.html]
[kiti.wpbingosite.com/shop/page/2/index729c.html]
[kiti.wpbingosite.com/shop/index05da.html]
[kiti.wpbingosite.com/shop/indexa3b6.html]
[kiti.wpbingosite.com/shop/index541c.html]
[kiti.wpbingosite.com/shop/page/2/index28f0.html]
[kiti.wpbingosite.com/shop/indexb889.html]
[kiti.wpbingosite.com/shop/index667d.html]
[kiti.wpbingosite.com/shop/index35d0.html]
[kiti.wpbingosite.com/shop/page/2/index6a50.html]
[kiti.wpbingosite.com/shop/indexfb5e.html]
[kiti.wpbingosite.com/shop/index192d.html]
[kiti.wpbingosite.com/shop/page/2/index1bb0.html]
[kiti.wpbingosite.com/shop/index9ad4.html]
[kiti.wpbingosite.com/shop/indexa833.html]
[kiti.wpbingosite.com/shop/page/2/index9aa4.html]
[kiti.wpbingosite.com/shop/indexdf81.html]
[kiti.wpbingosite.com/shop/indexc1e7.html]
[kiti.wpbingosite.com/shop/page/2/indexa220.html]
[kiti.wpbingosite.com/cart/index82c8.html]
[kiti.wpbingosite.com/shop/index6d88.html]
[kiti.wpbingosite.com/shop/indexcdf5.html]
[kiti.wpbingosite.com/shop/index738a.html]
[kiti.wpbingosite.com/shop/index479b.html]
[kiti.wpbingosite.com/shop/indexeaf2.html]
[kiti.wpbingosite.com/shop/index523b-2.html]
[kiti.wpbingosite.com/shop/index5c36.html]
[kiti.wpbingosite.com/shop/index228c.html]
[kiti.wpbingosite.com/shop/index441d.html]
[kiti.wpbingosite.com/shop/index92d8.html]
[kiti.wpbingosite.com/shop/index1bd7.html]
[kiti.wpbingosite.com/shop/index74c2.html]
[kiti.wpbingosite.com/shop/indexc792.html]
[kiti.wpbingosite.com/shop/index867a.html]
[kiti.wpbingosite.com/shop/indexd039.html]
[kiti.wpbingosite.com/shop/index4968.html]
[kiti.wpbingosite.com/shop/indexce98.html]
[kiti.wpbingosite.com/shop/indexba89.html]
[kiti.wpbingosite.com/shop/indexfad6.html]
[kiti.wpbingosite.com/shop/indexcdc0.html]
[kiti.wpbingosite.com/shop/page/2/index2f7b.html]
[kiti.wpbingosite.com/cart/index5ebb.html]
[kiti.wpbingosite.com/shop/index92c0.html]
[kiti.wpbingosite.com/shop/indexde00.html]
[kiti.wpbingosite.com/shop/indexd3a1.html]
[kiti.wpbingosite.com/shop/indexac73.html]
[kiti.wpbingosite.com/shop/index3095.html]
[kiti.wpbingosite.com/shop/index9028.html]
[kiti.wpbingosite.com/shop/index6367.html]
[kiti.wpbingosite.com/shop/index754a.html]
[kiti.wpbingosite.com/shop/index5309.html]
[kiti.wpbingosite.com/shop/index0621.html]
[kiti.wpbingosite.com/shop/indexed75.html]
[kiti.wpbingosite.com/shop/index34ba.html]
[kiti.wpbingosite.com/shop/indexf243.html]
[kiti.wpbingosite.com/shop/indexf61b.html]
[kiti.wpbingosite.com/shop/indexd9e7.html]
[kiti.wpbingosite.com/shop/index0a7c.html]
[kiti.wpbingosite.com/shop/index78f9.html]
[kiti.wpbingosite.com/shop/index2193.html]
[kiti.wpbingosite.com/shop/indexb204.html]
[kiti.wpbingosite.com/shop/indexf7fa.html]
[kiti.wpbingosite.com/shop/page/2/index03ab.html]
[kiti.wpbingosite.com/cart/index956a.html]
[kiti.wpbingosite.com/shop/indexbe79.html]
[kiti.wpbingosite.com/shop/index8a57.html]
[kiti.wpbingosite.com/shop/indexe95a.html]
[kiti.wpbingosite.com/shop/index07df.html]
[kiti.wpbingosite.com/shop/index729a.html]
[kiti.wpbingosite.com/shop/index0a16.html]
[kiti.wpbingosite.com/shop/indexba15.html]
[kiti.wpbingosite.com/shop/index0827.html]
[kiti.wpbingosite.com/shop/index52cc.html]
[kiti.wpbingosite.com/shop/index3a22.html]
[kiti.wpbingosite.com/shop/index4909.html]
[kiti.wpbingosite.com/shop/index1c9c.html]
[kiti.wpbingosite.com/shop/index0166.html]
[kiti.wpbingosite.com/shop/indexaf51.html]
[kiti.wpbingosite.com/shop/indexd656.html]
[kiti.wpbingosite.com/shop/index909a.html]
[kiti.wpbingosite.com/shop/index59f2.html]
[kiti.wpbingosite.com/shop/index814f.html]
[kiti.wpbingosite.com/shop/index81c9.html]
[kiti.wpbingosite.com/shop/indexd13b.html]
[kiti.wpbingosite.com/shop/page/2/index9ed0.html]
[kiti.wpbingosite.com/cart/index67f7.html]
[kiti.wpbingosite.com/shop/index6918.html]
[kiti.wpbingosite.com/shop/index4099.html]
[kiti.wpbingosite.com/shop/index6095.html]
[kiti.wpbingosite.com/shop/indexbc86.html]
[kiti.wpbingosite.com/shop/index2add.html]
[kiti.wpbingosite.com/shop/indexd8e0.html]
[kiti.wpbingosite.com/shop/index82aa.html]
[kiti.wpbingosite.com/shop/indexd074.html]
[kiti.wpbingosite.com/shop/indexeda0.html]
[kiti.wpbingosite.com/shop/indexe766.html]
[kiti.wpbingosite.com/shop/index0c87.html]
[kiti.wpbingosite.com/shop/indexf618.html]
[kiti.wpbingosite.com/shop/index81b2.html]
[kiti.wpbingosite.com/shop/index48f3.html]
[kiti.wpbingosite.com/shop/index8d74.html]
[kiti.wpbingosite.com/shop/index746d.html]
[kiti.wpbingosite.com/shop/indexcfa0.html]
[kiti.wpbingosite.com/shop/indexeacd.html]
[kiti.wpbingosite.com/shop/indexa8f8.html]
[kiti.wpbingosite.com/shop/index0c44.html]
[kiti.wpbingosite.com/shop/page/2/indexadde.html]
[kiti.wpbingosite.com/cart/indexaaef.html]
[kiti.wpbingosite.com/shop/index2e57.html]
[kiti.wpbingosite.com/shop/index386d.html]
[kiti.wpbingosite.com/shop/indexd78f.html]
[kiti.wpbingosite.com/shop/index85ce.html]
[kiti.wpbingosite.com/shop/indexacef.html]
[kiti.wpbingosite.com/shop/indexac1c.html]
[kiti.wpbingosite.com/shop/index2766.html]
[kiti.wpbingosite.com/shop/index020a.html]
[kiti.wpbingosite.com/shop/index6fd4.html]
[kiti.wpbingosite.com/shop/index9145.html]
[kiti.wpbingosite.com/shop/indexa4bb.html]
[kiti.wpbingosite.com/shop/indexd55e.html]
[kiti.wpbingosite.com/shop/index4bbb.html]
[kiti.wpbingosite.com/shop/index78a2.html]
[kiti.wpbingosite.com/shop/indexa22e.html]
[kiti.wpbingosite.com/shop/indexaec8.html]
[kiti.wpbingosite.com/shop/indexf73a.html]
[kiti.wpbingosite.com/shop/indexbedf.html]
[kiti.wpbingosite.com/shop/index5eb2.html]
[kiti.wpbingosite.com/shop/index7afe.html]
[kiti.wpbingosite.com/shop/page/2/indexf442.html]
[kiti.wpbingosite.com/cart/indexe304.html]
[kiti.wpbingosite.com/shop/indexff21.html]
[kiti.wpbingosite.com/shop/index05fd.html]
[kiti.wpbingosite.com/shop/index3413.html]
[kiti.wpbingosite.com/shop/index19be.html]
[kiti.wpbingosite.com/shop/indexedbb.html]
[kiti.wpbingosite.com/shop/indexe047.html]
[kiti.wpbingosite.com/shop/indexf34f.html]
[kiti.wpbingosite.com/shop/indexa915.html]
[kiti.wpbingosite.com/shop/index6723.html]
[kiti.wpbingosite.com/shop/index26de.html]
[kiti.wpbingosite.com/shop/indexc17a.html]
[kiti.wpbingosite.com/shop/indexfaa9.html]
[kiti.wpbingosite.com/shop/index6ebd.html]
[kiti.wpbingosite.com/shop/index5233.html]
[kiti.wpbingosite.com/shop/index2efb.html]
[kiti.wpbingosite.com/shop/index3676.html]
[kiti.wpbingosite.com/shop/index0876.html]
[kiti.wpbingosite.com/shop/indexb02c.html]
[kiti.wpbingosite.com/shop/indexa425.html]
[kiti.wpbingosite.com/shop/indexd76f.html]
[kiti.wpbingosite.com/shop/page/2/indexb540.html]
[kiti.wpbingosite.com/cart/index63db.html]
[kiti.wpbingosite.com/shop/indexc1ad.html]
[kiti.wpbingosite.com/shop/indexf2b5.html]
[kiti.wpbingosite.com/shop/index7060.html]
[kiti.wpbingosite.com/shop/index1537.html]
[kiti.wpbingosite.com/shop/index5889.html]
[kiti.wpbingosite.com/shop/index168a.html]
[kiti.wpbingosite.com/shop/indexd8b5.html]
[kiti.wpbingosite.com/shop/index31d7.html]
[kiti.wpbingosite.com/shop/index644e.html]
[kiti.wpbingosite.com/shop/indexb029.html]
[kiti.wpbingosite.com/shop/index90a4.html]
[kiti.wpbingosite.com/shop/index2031.html]
[kiti.wpbingosite.com/shop/indexcf3e.html]
[kiti.wpbingosite.com/shop/index961f.html]
[kiti.wpbingosite.com/shop/index3d98.html]
[kiti.wpbingosite.com/shop/index199a.html]
[kiti.wpbingosite.com/shop/index5dca.html]
[kiti.wpbingosite.com/shop/indexb7a6.html]
[kiti.wpbingosite.com/shop/indexe0db.html]
[kiti.wpbingosite.com/shop/index146c.html]
[kiti.wpbingosite.com/shop/page/2/indexc529.html]
[kiti.wpbingosite.com/shop/index7962.html]
[kiti.wpbingosite.com/shop/index58ef.html]
[kiti.wpbingosite.com/shop/index2167.html]
[kiti.wpbingosite.com/shop/index94ca.html]
[kiti.wpbingosite.com/shop/indexec3b.html]
[kiti.wpbingosite.com/shop/index0fcc.html]
[kiti.wpbingosite.com/shop/indexbdc1.html]
[kiti.wpbingosite.com/shop/index5382.html]
[kiti.wpbingosite.com/shop/index1fdf.html]
[kiti.wpbingosite.com/shop/indexe58d.html]
[kiti.wpbingosite.com/shop/page/2/indexc463.html]
[kiti.wpbingosite.com/shop/index4ee1.html]
[kiti.wpbingosite.com/shop/index477a.html]
[kiti.wpbingosite.com/shop/index5b03.html]
[kiti.wpbingosite.com/shop/indexf9cc.html]
[kiti.wpbingosite.com/shop/index3947.html]
[kiti.wpbingosite.com/shop/indexbac3.html]
[kiti.wpbingosite.com/shop/indexbea1.html]
[kiti.wpbingosite.com/shop/indexee9a.html]
[kiti.wpbingosite.com/shop/index5240.html]
[kiti.wpbingosite.com/shop/index1310.html]
[kiti.wpbingosite.com/shop/page/2/index2d32.html]
[kiti.wpbingosite.com/shop/index7b46.html]
[kiti.wpbingosite.com/shop/index0ac2.html]
[kiti.wpbingosite.com/shop/index7053.html]
[kiti.wpbingosite.com/shop/index7f13.html]
[kiti.wpbingosite.com/shop/indexad9a.html]
[kiti.wpbingosite.com/shop/indexba3b.html]
[kiti.wpbingosite.com/shop/index8012.html]
[kiti.wpbingosite.com/shop/index0e82.html]
[kiti.wpbingosite.com/shop/index6676.html]
[kiti.wpbingosite.com/shop/index5201.html]
[kiti.wpbingosite.com/shop/page/2/indexb8cd.html]
[kiti.wpbingosite.com/cart/index347d.html]
[kiti.wpbingosite.com/shop/indexb9d0.html]
[kiti.wpbingosite.com/shop/index4629.html]
[kiti.wpbingosite.com/shop/index12ec.html]
[kiti.wpbingosite.com/shop/indexefbc.html]
[kiti.wpbingosite.com/shop/index23c6.html]
[kiti.wpbingosite.com/shop/index8282.html]
[kiti.wpbingosite.com/shop/indexe677.html]
[kiti.wpbingosite.com/shop/index6add.html]
[kiti.wpbingosite.com/shop/index944e.html]
[kiti.wpbingosite.com/shop/index81d6.html]
[kiti.wpbingosite.com/shop/index7374.html]
[kiti.wpbingosite.com/shop/index7531.html]
[kiti.wpbingosite.com/shop/index8fc6.html]
[kiti.wpbingosite.com/shop/indexa918.html]
[kiti.wpbingosite.com/shop/indexb737.html]
[kiti.wpbingosite.com/shop/index8817.html]
[kiti.wpbingosite.com/shop/index44d8.html]
[kiti.wpbingosite.com/shop/index7b5b.html]
[kiti.wpbingosite.com/shop/index7591.html]
[kiti.wpbingosite.com/shop/index29c0.html]
[kiti.wpbingosite.com/shop/page/2/index1735.html]
[kiti.wpbingosite.com/shop/index8754.html]
[kiti.wpbingosite.com/shop/indexae40.html]
[kiti.wpbingosite.com/shop/index0ddf.html]
[kiti.wpbingosite.com/shop/index6ae6.html]
[kiti.wpbingosite.com/shop/index2167-2.html]
[kiti.wpbingosite.com/shop/indexf8de.html]
[kiti.wpbingosite.com/shop/index77b8.html]
[kiti.wpbingosite.com/shop/index28b0.html]
[kiti.wpbingosite.com/shop/indexab6e.html]
[kiti.wpbingosite.com/shop/index1cdd.html]
[kiti.wpbingosite.com/shop/page/2/index6af8.html]
[kiti.wpbingosite.com/shop/page/2/index3c0b.html]
[kiti.wpbingosite.com/shop/page/2/index650d.html]
[kiti.wpbingosite.com/shop/page/2/indexc346.html]
[kiti.wpbingosite.com/shop/page/2/index9e86.html]
[kiti.wpbingosite.com/shop/page/2/index3c77.html]
[kiti.wpbingosite.com/shop/page/2/indexefa7.html]
[kiti.wpbingosite.com/shop/page/2/index309f.html]
[kiti.wpbingosite.com/shop/page/2/indexda72.html]
[kiti.wpbingosite.com/shop/page/2/index6141.html]
[kiti.wpbingosite.com/shop/page/2/index94e8.html]
[kiti.wpbingosite.com/shop/page/1/index.html]
[kiti.wpbingosite.com/cart/indexbd4c.html]
[kiti.wpbingosite.com/cart/index2a9a.html]
[kiti.wpbingosite.com/cart/index509a.html]
[kiti.wpbingosite.com/cart/indexe12b.html]
[kiti.wpbingosite.com/cart/index836a.html]
[kiti.wpbingosite.com/cart/index4ef8.html]
[kiti.wpbingosite.com/cart/indexc946.html]
[kiti.wpbingosite.com/cart/index8d9a.html]
[kiti.wpbingosite.com/shop/philips-hr1861-whole-fruit-juicer/index0a14.html]
[kiti.wpbingosite.com/shop/philips-hr1861-whole-fruit-juicer/index1735.html]
[kiti.wpbingosite.com/cart/index7c32.html]
[kiti.wpbingosite.com/cart/indexb833.html]
[kiti.wpbingosite.com/cart/index3797.html]
[kiti.wpbingosite.com/cart/index8707.html]
[kiti.wpbingosite.com/cart/index04c1.html]
[kiti.wpbingosite.com/cart/indexcafd.html]
[kiti.wpbingosite.com/cart/indexdd8a.html]
[kiti.wpbingosite.com/cart/index6351.html]
[player.vimeo.com/video/88692700c050.html]
[kiti.wpbingosite.com/index6041.html]
[www.facebook.com/share_channel/index2559.html]
[www.linkedin.com/uas/logine9cd.html]
[kiti.wpbingosite.com/cart/index0fa1.html]
[kiti.wpbingosite.com/cart/index5b9b.html]
[kiti.wpbingosite.com/cart/index898f.html]
[kiti.wpbingosite.com/cart/index177a.html]
[kiti.wpbingosite.com/cart/index5b26.html]
[kiti.wpbingosite.com/cart/index526b.html]
[kiti.wpbingosite.com/cart/indexc8fa.html]
[kiti.wpbingosite.com/cart/index2b21.html]
[kiti.wpbingosite.com/cart/index7e51.html]
[kiti.wpbingosite.com/cart/index2335.html]
[kiti.wpbingosite.com/cart/index0d17.html]
[kiti.wpbingosite.com/cart/index8a97.html]
[kiti.wpbingosite.com/author/demodemo-com/page/2/index.html]
[kiti.wpbingosite.com/cart/index0c20.html]
[kiti.wpbingosite.com/cart/index95fa.html]
[kiti.wpbingosite.com/cart/index8397.html]
[kiti.wpbingosite.com/cart/indexc0c3.html]
[kiti.wpbingosite.com/cart/indexceb7.html]
[kiti.wpbingosite.com/cart/index10f6.html]
[kiti.wpbingosite.com/cart/index82d0.html]
[kiti.wpbingosite.com/cart/index6d48.html]
[kiti.wpbingosite.com/cart/indexa1ef.html]
[kiti.wpbingosite.com/cart/index4260.html]
[kiti.wpbingosite.com/cart/index29d1.html]
[kiti.wpbingosite.com/cart/index5795.html]
[kiti.wpbingosite.com/cart/indexb630.html]
[kiti.wpbingosite.com/cart/index984a.html]
[kiti.wpbingosite.com/cart/index36df.html]
[kiti.wpbingosite.com/cart/index0877.html]
[kiti.wpbingosite.com/cart/index3300.html]
[kiti.wpbingosite.com/cart/indexb9e7.html]
[kiti.wpbingosite.com/cart/index8d8f.html]
[kiti.wpbingosite.com/cart/index2b83.html]
[kiti.wpbingosite.com/cart/index4656.html]
[kiti.wpbingosite.com/cart/index1cf2.html]
[kiti.wpbingosite.com/cart/index9653.html]
[kiti.wpbingosite.com/cart/indexd597.html]
[kiti.wpbingosite.com/cart/index2e05.html]
[kiti.wpbingosite.com/cart/index2713.html]
[kiti.wpbingosite.com/cart/index6ba7.html]
[kiti.wpbingosite.com/cart/index51a2.html]
[kiti.wpbingosite.com/cart/indexea66.html]
[kiti.wpbingosite.com/cart/indexc31c.html]
[kiti.wpbingosite.com/cart/index4978.html]
[kiti.wpbingosite.com/cart/index1ff9.html]
[kiti.wpbingosite.com/cart/indexf12c.html]
[kiti.wpbingosite.com/cart/index80b2.html]
[kiti.wpbingosite.com/cart/index2a85.html]
[kiti.wpbingosite.com/cart/indexd8d2.html]
[kiti.wpbingosite.com/shop/index7b7e.html]
[kiti.wpbingosite.com/shop/index1e6e.html]
[kiti.wpbingosite.com/shop/indexd4f3.html]
[kiti.wpbingosite.com/shop/indexa2a6.html]
[kiti.wpbingosite.com/shop/page/2/indexcdac.html]
[kiti.wpbingosite.com/shop/indexca39.html]
[kiti.wpbingosite.com/shop/index175b.html]
[kiti.wpbingosite.com/shop/indexd382.html]
[kiti.wpbingosite.com/shop/index76ff.html]
[kiti.wpbingosite.com/shop/page/2/index74c4.html]
[kiti.wpbingosite.com/shop/indexe3b9.html]
[kiti.wpbingosite.com/shop/index4884.html]
[kiti.wpbingosite.com/shop/indexd0ab.html]
[kiti.wpbingosite.com/shop/index76bf.html]
[kiti.wpbingosite.com/shop/page/2/index8974.html]
[kiti.wpbingosite.com/shop/index9c0d.html]
[kiti.wpbingosite.com/shop/index35ba.html]
[kiti.wpbingosite.com/shop/indexa7c8.html]
[kiti.wpbingosite.com/shop/index8cfc.html]
[kiti.wpbingosite.com/shop/page/2/index25e1.html]
[kiti.wpbingosite.com/shop/index5e70.html]
[kiti.wpbingosite.com/shop/indexbc82.html]
[kiti.wpbingosite.com/shop/indexeaba.html]
[kiti.wpbingosite.com/shop/index7671.html]
[kiti.wpbingosite.com/shop/page/2/indexfc66.html]
[kiti.wpbingosite.com/shop/index9d38.html]
[kiti.wpbingosite.com/shop/indexd23f.html]
[kiti.wpbingosite.com/shop/index0934.html]
[kiti.wpbingosite.com/shop/index9c75.html]
[kiti.wpbingosite.com/shop/page/2/index1fc3.html]
[kiti.wpbingosite.com/shop/index827b.html]
[kiti.wpbingosite.com/shop/page/2/index2ac7.html]
[kiti.wpbingosite.com/shop/index874c.html]
[kiti.wpbingosite.com/shop/page/2/index8f3e.html]
[kiti.wpbingosite.com/shop/index3f6b.html]
[kiti.wpbingosite.com/shop/page/2/indexabd1.html]
[kiti.wpbingosite.com/shop/page/2/index86ba.html]
[kiti.wpbingosite.com/shop/page/1/index68fa.html]
[kiti.wpbingosite.com/shop/index72ca.html]
[kiti.wpbingosite.com/shop/index2ee3.html]
[kiti.wpbingosite.com/shop/index516f.html]
[kiti.wpbingosite.com/shop/indexebaa.html]
[kiti.wpbingosite.com/shop/page/2/indexd262.html]
[kiti.wpbingosite.com/shop/indexb271.html]
[kiti.wpbingosite.com/shop/indexb9b9.html]
[kiti.wpbingosite.com/shop/index5841.html]
[kiti.wpbingosite.com/shop/indexe235.html]
[kiti.wpbingosite.com/shop/page/2/index308d.html]
[kiti.wpbingosite.com/shop/index27cf.html]
[kiti.wpbingosite.com/shop/indexfdff.html]
[kiti.wpbingosite.com/shop/index5d65.html]
[kiti.wpbingosite.com/shop/index386c.html]
[kiti.wpbingosite.com/shop/page/2/index3514.html]
[kiti.wpbingosite.com/shop/indexcf2a.html]
[kiti.wpbingosite.com/shop/index1cb1.html]
[kiti.wpbingosite.com/shop/indexb0ca.html]
[kiti.wpbingosite.com/shop/index2214.html]
[kiti.wpbingosite.com/shop/page/2/index5d24.html]
[kiti.wpbingosite.com/shop/indexff29.html]
[kiti.wpbingosite.com/shop/index9a53.html]
[kiti.wpbingosite.com/shop/indexff2f.html]
[kiti.wpbingosite.com/shop/index5ed7.html]
[kiti.wpbingosite.com/shop/page/2/index0279.html]
[kiti.wpbingosite.com/shop/index4997.html]
[kiti.wpbingosite.com/shop/indexc941.html]
[kiti.wpbingosite.com/shop/index57a5.html]
[kiti.wpbingosite.com/shop/index6b8d.html]
[kiti.wpbingosite.com/shop/page/2/index6eaa.html]
[kiti.wpbingosite.com/shop/index420f.html]
[kiti.wpbingosite.com/shop/page/2/indexe4c8.html]
[kiti.wpbingosite.com/shop/indexb74d.html]
[kiti.wpbingosite.com/shop/page/2/index85b5.html]
[kiti.wpbingosite.com/shop/index72ab.html]
[kiti.wpbingosite.com/shop/page/2/index23f4.html]
[kiti.wpbingosite.com/shop/page/2/index8290.html]
[kiti.wpbingosite.com/shop/page/1/index3369.html]
[kiti.wpbingosite.com/product-category/glassware/indexc142.html]
[kiti.wpbingosite.com/product-category/glassware/index76cb.html]
[kiti.wpbingosite.com/product-category/glassware/index8fb6.html]
[kiti.wpbingosite.com/product-category/glassware/index2aa8.html]
[kiti.wpbingosite.com/product-category/glassware/index38b3.html]
[kiti.wpbingosite.com/product-category/glassware/indexe4bf.html]
[kiti.wpbingosite.com/product-category/glassware/index0a3f.html]
[kiti.wpbingosite.com/product-category/glassware/index60fd.html]
[kiti.wpbingosite.com/product-category/glassware/indexbd1b.html]
[kiti.wpbingosite.com/product-category/glassware/index0dc0.html]
[kiti.wpbingosite.com/product-category/glassware/index7551.html]
[kiti.wpbingosite.com/product-category/glassware/indexe6d7.html]
[kiti.wpbingosite.com/product-category/glassware/index9e3d.html]
[kiti.wpbingosite.com/product-category/glassware/index3a82.html]
[kiti.wpbingosite.com/product-category/glassware/index112d.html]
[kiti.wpbingosite.com/product-category/glassware/index9a04.html]
[kiti.wpbingosite.com/product-category/glassware/index23d3.html]
[kiti.wpbingosite.com/product-category/glassware/index8244.html]
[kiti.wpbingosite.com/product-category/glassware/index0365.html]
[kiti.wpbingosite.com/product-category/glassware/index1ec2.html]
[kiti.wpbingosite.com/product-category/glassware/indexd496.html]
[kiti.wpbingosite.com/product-category/glassware/indexb855.html]
[kiti.wpbingosite.com/product-category/glassware/index0c51.html]
[kiti.wpbingosite.com/product-category/glassware/indexd0f6.html]
[kiti.wpbingosite.com/product-category/glassware/indexe409.html]
[kiti.wpbingosite.com/product-category/glassware/index2e63.html]
[kiti.wpbingosite.com/product-category/glassware/index6015.html]
[kiti.wpbingosite.com/cart/index438e.html]
[kiti.wpbingosite.com/product-category/glassware/indexbe79.html]
[kiti.wpbingosite.com/product-category/glassware/index8a57.html]
[kiti.wpbingosite.com/product-category/glassware/indexe95a.html]
[kiti.wpbingosite.com/product-category/glassware/index07df.html]
[kiti.wpbingosite.com/product-category/glassware/index729a.html]
[kiti.wpbingosite.com/product-category/glassware/index0a16.html]
[kiti.wpbingosite.com/product-category/glassware/indexba15.html]
[kiti.wpbingosite.com/product-category/glassware/index0827.html]
[kiti.wpbingosite.com/product-category/glassware/index52cc.html]
[kiti.wpbingosite.com/product-category/glassware/index3a22.html]
[kiti.wpbingosite.com/product-category/glassware/index4909.html]
[kiti.wpbingosite.com/product-category/glassware/index1c9c.html]
[kiti.wpbingosite.com/product-category/glassware/index0166.html]
[kiti.wpbingosite.com/product-category/glassware/indexaf51.html]
[kiti.wpbingosite.com/product-category/glassware/indexd656.html]
[kiti.wpbingosite.com/product-category/glassware/index909a.html]
[kiti.wpbingosite.com/product-category/glassware/index59f2.html]
[kiti.wpbingosite.com/product-category/glassware/index814f.html]
[kiti.wpbingosite.com/product-category/glassware/index81c9.html]
[kiti.wpbingosite.com/product-category/glassware/indexd13b.html]
[kiti.wpbingosite.com/cart/index8b85.html]
[kiti.wpbingosite.com/product-category/glassware/indexff21.html]
[kiti.wpbingosite.com/product-category/glassware/index05fd.html]
[kiti.wpbingosite.com/product-category/glassware/index3413.html]
[kiti.wpbingosite.com/product-category/glassware/index19be.html]
[kiti.wpbingosite.com/product-category/glassware/indexedbb.html]
[kiti.wpbingosite.com/product-category/glassware/indexe047.html]
[kiti.wpbingosite.com/product-category/glassware/indexf34f.html]
[kiti.wpbingosite.com/product-category/glassware/indexa915.html]
[kiti.wpbingosite.com/product-category/glassware/index6723.html]
[kiti.wpbingosite.com/product-category/glassware/index26de.html]
[kiti.wpbingosite.com/product-category/glassware/indexc17a.html]
[kiti.wpbingosite.com/product-category/glassware/indexfaa9.html]
[kiti.wpbingosite.com/product-category/glassware/index6ebd.html]
[kiti.wpbingosite.com/product-category/glassware/index5233.html]
[kiti.wpbingosite.com/product-category/glassware/index2efb.html]
[kiti.wpbingosite.com/product-category/glassware/index3676.html]
[kiti.wpbingosite.com/product-category/glassware/index0876.html]
[kiti.wpbingosite.com/product-category/glassware/indexb02c.html]
[kiti.wpbingosite.com/product-category/glassware/indexa425.html]
[kiti.wpbingosite.com/product-category/glassware/indexd76f.html]
[kiti.wpbingosite.com/cart/index0da3.html]
[kiti.wpbingosite.com/product-category/glassware/indexc1ad.html]
[kiti.wpbingosite.com/product-category/glassware/indexf2b5.html]
[kiti.wpbingosite.com/product-category/glassware/index7060.html]
[kiti.wpbingosite.com/product-category/glassware/index1537.html]
[kiti.wpbingosite.com/product-category/glassware/index5889.html]
[kiti.wpbingosite.com/product-category/glassware/index168a.html]
[kiti.wpbingosite.com/product-category/glassware/indexd8b5.html]
[kiti.wpbingosite.com/product-category/glassware/index31d7.html]
[kiti.wpbingosite.com/product-category/glassware/index644e.html]
[kiti.wpbingosite.com/product-category/glassware/indexb029.html]
[kiti.wpbingosite.com/product-category/glassware/index90a4.html]
[kiti.wpbingosite.com/product-category/glassware/index2031.html]
[kiti.wpbingosite.com/product-category/glassware/indexcf3e.html]
[kiti.wpbingosite.com/product-category/glassware/index961f.html]
[kiti.wpbingosite.com/product-category/glassware/index3d98.html]
[kiti.wpbingosite.com/product-category/glassware/index199a.html]
[kiti.wpbingosite.com/product-category/glassware/index5dca.html]
[kiti.wpbingosite.com/product-category/glassware/indexb7a6.html]
[kiti.wpbingosite.com/product-category/glassware/indexe0db.html]
[kiti.wpbingosite.com/product-category/glassware/index146c.html]
[kiti.wpbingosite.com/product-category/glassware/index4ee1.html]
[kiti.wpbingosite.com/product-category/glassware/index477a.html]
[kiti.wpbingosite.com/product-category/glassware/index5b03.html]
[kiti.wpbingosite.com/product-category/glassware/indexf9cc.html]
[kiti.wpbingosite.com/product-category/glassware/index3947.html]
[kiti.wpbingosite.com/product-category/glassware/indexbac3.html]
[kiti.wpbingosite.com/product-category/glassware/indexbea1.html]
[kiti.wpbingosite.com/product-category/glassware/indexee9a.html]
[kiti.wpbingosite.com/product-category/glassware/index5240.html]
[kiti.wpbingosite.com/product-category/glassware/index1310.html]
[kiti.wpbingosite.com/product-category/glassware/index7b46.html]
[kiti.wpbingosite.com/product-category/glassware/index0ac2.html]
[kiti.wpbingosite.com/product-category/glassware/index7053.html]
[kiti.wpbingosite.com/product-category/glassware/index7f13.html]
[kiti.wpbingosite.com/product-category/glassware/indexad9a.html]
[kiti.wpbingosite.com/product-category/glassware/indexba3b.html]
[kiti.wpbingosite.com/product-category/glassware/index8012.html]
[kiti.wpbingosite.com/product-category/glassware/index0e82.html]
[kiti.wpbingosite.com/product-category/glassware/index6676.html]
[kiti.wpbingosite.com/product-category/glassware/index5201.html]
[kiti.wpbingosite.com/cart/index3826.html]
[kiti.wpbingosite.com/product-category/glassware/indexb9d0.html]
[kiti.wpbingosite.com/product-category/glassware/index4629.html]
[kiti.wpbingosite.com/product-category/glassware/index12ec.html]
[kiti.wpbingosite.com/product-category/glassware/indexefbc.html]
[kiti.wpbingosite.com/product-category/glassware/index23c6.html]
[kiti.wpbingosite.com/product-category/glassware/index8282.html]
[kiti.wpbingosite.com/product-category/glassware/indexe677.html]
[kiti.wpbingosite.com/product-category/glassware/index6add.html]
[kiti.wpbingosite.com/product-category/glassware/index944e.html]
[kiti.wpbingosite.com/product-category/glassware/index81d6.html]
[kiti.wpbingosite.com/product-category/glassware/index7374.html]
[kiti.wpbingosite.com/product-category/glassware/index7531.html]
[kiti.wpbingosite.com/product-category/glassware/index8fc6.html]
[kiti.wpbingosite.com/product-category/glassware/indexa918.html]
[kiti.wpbingosite.com/product-category/glassware/indexb737.html]
[kiti.wpbingosite.com/product-category/glassware/index8817.html]
[kiti.wpbingosite.com/product-category/glassware/index44d8.html]
[kiti.wpbingosite.com/product-category/glassware/index7b5b.html]
[kiti.wpbingosite.com/product-category/glassware/index7591.html]
[kiti.wpbingosite.com/product-category/glassware/index29c0.html]
[kiti.wpbingosite.com/product-category/glassware/index2e5b.html]
[kiti.wpbingosite.com/product-category/glassware/index0a14-2.html]
[kiti.wpbingosite.com/product-category/glassware/indexfb1f.html]
[kiti.wpbingosite.com/product-category/glassware/indexbcca.html]
[kiti.wpbingosite.com/product-category/glassware/index3c49.html]
[kiti.wpbingosite.com/product-category/glassware/indexe766.html]
[kiti.wpbingosite.com/product-category/glassware/index0e12.html]
[kiti.wpbingosite.com/product-category/glassware/indexa6ab.html]
[kiti.wpbingosite.com/product-category/glassware/indexacc7.html]
[kiti.wpbingosite.com/product-category/glassware/indexa521.html]
[kiti.wpbingosite.com/shop/index3ed7.html]
[kiti.wpbingosite.com/shop/indexad07.html]
[kiti.wpbingosite.com/shop/index741b.html]
[kiti.wpbingosite.com/shop/index7653.html]
[kiti.wpbingosite.com/shop/page/2/index8f8f.html]
[kiti.wpbingosite.com/shop/index2ced.html]
[kiti.wpbingosite.com/shop/indexc5f1.html]
[kiti.wpbingosite.com/shop/indexaddf.html]
[kiti.wpbingosite.com/shop/indexf000.html]
[kiti.wpbingosite.com/shop/page/2/index0eee.html]
[kiti.wpbingosite.com/shop/index62d3.html]
[kiti.wpbingosite.com/shop/index87df.html]
[kiti.wpbingosite.com/shop/index700f.html]
[kiti.wpbingosite.com/shop/indexa1fe.html]
[kiti.wpbingosite.com/shop/page/2/indexd9ad.html]
[kiti.wpbingosite.com/shop/index6565.html]
[kiti.wpbingosite.com/shop/index037a.html]
[kiti.wpbingosite.com/shop/index30f6.html]
[kiti.wpbingosite.com/shop/indexf5e3.html]
[kiti.wpbingosite.com/shop/page/2/index7807.html]
[kiti.wpbingosite.com/shop/indexc50f.html]
[kiti.wpbingosite.com/shop/indexfca0.html]
[kiti.wpbingosite.com/shop/index76ef.html]
[kiti.wpbingosite.com/shop/indexd636.html]
[kiti.wpbingosite.com/shop/page/2/indexbc0b.html]
[kiti.wpbingosite.com/shop/indexde9d.html]
[kiti.wpbingosite.com/shop/index0626.html]
[kiti.wpbingosite.com/shop/index38ee.html]
[kiti.wpbingosite.com/shop/index55ae.html]
[kiti.wpbingosite.com/shop/page/2/index84f1.html]
[kiti.wpbingosite.com/shop/index28fc.html]
[kiti.wpbingosite.com/shop/page/2/index523b.html]
[kiti.wpbingosite.com/shop/index1719.html]
[kiti.wpbingosite.com/shop/page/2/index69c3.html]
[kiti.wpbingosite.com/shop/index78e1.html]
[kiti.wpbingosite.com/shop/page/2/index4977.html]
[kiti.wpbingosite.com/shop/page/2/index0bac.html]
[kiti.wpbingosite.com/shop/page/1/index4d07.html]
[kiti.wpbingosite.com/shop/indexc142.html]
[kiti.wpbingosite.com/shop/index76cb.html]
[kiti.wpbingosite.com/shop/index8fb6.html]
[kiti.wpbingosite.com/shop/index2aa8.html]
[kiti.wpbingosite.com/shop/page/2/index6cf7.html]
[kiti.wpbingosite.com/shop/index38b3.html]
[kiti.wpbingosite.com/shop/indexe4bf.html]
[kiti.wpbingosite.com/shop/index0a3f.html]
[kiti.wpbingosite.com/shop/index60fd.html]
[kiti.wpbingosite.com/shop/page/2/index3075.html]
[kiti.wpbingosite.com/shop/indexbd1b.html]
[kiti.wpbingosite.com/shop/index0dc0.html]
[kiti.wpbingosite.com/shop/index7551.html]
[kiti.wpbingosite.com/shop/indexe6d7.html]
[kiti.wpbingosite.com/shop/page/2/index91eb.html]
[kiti.wpbingosite.com/shop/index9e3d.html]
[kiti.wpbingosite.com/shop/index3a82.html]
[kiti.wpbingosite.com/shop/index112d.html]
[kiti.wpbingosite.com/shop/index9a04.html]
[kiti.wpbingosite.com/shop/page/2/indexf0d2.html]
[kiti.wpbingosite.com/shop/index23d3.html]
[kiti.wpbingosite.com/shop/index8244.html]
[kiti.wpbingosite.com/shop/index0365.html]
[kiti.wpbingosite.com/shop/index1ec2.html]
[kiti.wpbingosite.com/shop/page/2/index8092.html]
[kiti.wpbingosite.com/shop/indexd496.html]
[kiti.wpbingosite.com/shop/indexb855.html]
[kiti.wpbingosite.com/shop/index0c51.html]
[kiti.wpbingosite.com/shop/indexd0f6.html]
[kiti.wpbingosite.com/shop/page/2/indexdf52.html]
[kiti.wpbingosite.com/shop/indexe409.html]
[kiti.wpbingosite.com/shop/page/2/index42fa.html]
[kiti.wpbingosite.com/shop/index2e63.html]
[kiti.wpbingosite.com/shop/page/2/index6197.html]
[kiti.wpbingosite.com/shop/index6015.html]
[kiti.wpbingosite.com/shop/page/2/indexa855.html]
[kiti.wpbingosite.com/shop/page/2/indexf815.html]
[kiti.wpbingosite.com/shop/page/1/indexd68e.html]
[kiti.wpbingosite.com/shop/page/2/index415b.html]
[kiti.wpbingosite.com/shop/page/2/index6d94.html]
[kiti.wpbingosite.com/shop/page/2/index289c.html]
[kiti.wpbingosite.com/shop/page/2/index719a.html]
[kiti.wpbingosite.com/shop/page/2/index6272.html]
[kiti.wpbingosite.com/shop/page/2/indexb91e.html]
[kiti.wpbingosite.com/shop/page/1/indexaf48.html]
[kiti.wpbingosite.com/shop/index9572.html]
[kiti.wpbingosite.com/shop/index0732.html]
[kiti.wpbingosite.com/shop/index1096.html]
[kiti.wpbingosite.com/shop/index6b37.html]
[kiti.wpbingosite.com/shop/page/2/index3648.html]
[kiti.wpbingosite.com/shop/index44f3.html]
[kiti.wpbingosite.com/shop/index2c11.html]
[kiti.wpbingosite.com/shop/index9296.html]
[kiti.wpbingosite.com/shop/index55ca.html]
[kiti.wpbingosite.com/shop/page/2/indexdf13.html]
[kiti.wpbingosite.com/shop/indexd62b.html]
[kiti.wpbingosite.com/shop/index27dc.html]
[kiti.wpbingosite.com/shop/indexee83.html]
[kiti.wpbingosite.com/shop/index2e10.html]
[kiti.wpbingosite.com/shop/page/2/index144d.html]
[kiti.wpbingosite.com/shop/indexea1d.html]
[kiti.wpbingosite.com/shop/index1224.html]
[kiti.wpbingosite.com/shop/indexacc7.html]
[kiti.wpbingosite.com/shop/indexea3d.html]
[kiti.wpbingosite.com/shop/page/2/indexb8cc.html]
[kiti.wpbingosite.com/shop/indexab90.html]
[kiti.wpbingosite.com/shop/index17c2.html]
[kiti.wpbingosite.com/shop/index2102.html]
[kiti.wpbingosite.com/shop/indexb5f0.html]
[kiti.wpbingosite.com/shop/page/2/indexc23c.html]
[kiti.wpbingosite.com/shop/indexf423.html]
[kiti.wpbingosite.com/shop/index3474.html]
[kiti.wpbingosite.com/shop/index043e.html]
[kiti.wpbingosite.com/shop/indexc957.html]
[kiti.wpbingosite.com/shop/page/2/indexe2be.html]
[kiti.wpbingosite.com/shop/index0d1f.html]
[kiti.wpbingosite.com/shop/page/2/index7c74.html]
[kiti.wpbingosite.com/shop/indexb3c8.html]
[kiti.wpbingosite.com/shop/page/2/index64af.html]
[kiti.wpbingosite.com/shop/index590c.html]
[kiti.wpbingosite.com/shop/page/2/indexb543.html]
[kiti.wpbingosite.com/shop/page/2/index76a0.html]
[kiti.wpbingosite.com/shop/page/1/index9b51.html]
[kiti.wpbingosite.com/shop/index50ce.html]
[kiti.wpbingosite.com/shop/index529e.html]
[kiti.wpbingosite.com/shop/index2495.html]
[kiti.wpbingosite.com/shop/index242a.html]
[kiti.wpbingosite.com/shop/page/2/index0aa9.html]
[kiti.wpbingosite.com/shop/indexf390.html]
[kiti.wpbingosite.com/shop/indexe24a.html]
[kiti.wpbingosite.com/shop/index0630.html]
[kiti.wpbingosite.com/shop/index0054.html]
[kiti.wpbingosite.com/shop/page/2/index5635.html]
[kiti.wpbingosite.com/shop/indexbbee.html]
[kiti.wpbingosite.com/shop/indexb60d.html]
[kiti.wpbingosite.com/shop/index5dc2.html]
[kiti.wpbingosite.com/shop/indexea32.html]
[kiti.wpbingosite.com/shop/page/2/indexa752.html]
[kiti.wpbingosite.com/shop/index0180.html]
[kiti.wpbingosite.com/shop/index0915.html]
[kiti.wpbingosite.com/shop/indexb869.html]
[kiti.wpbingosite.com/shop/index115a.html]
[kiti.wpbingosite.com/shop/page/2/index8d06.html]
[kiti.wpbingosite.com/shop/indexdf69.html]
[kiti.wpbingosite.com/shop/indexe3d9.html]
[kiti.wpbingosite.com/shop/index882e.html]
[kiti.wpbingosite.com/shop/index6d19.html]
[kiti.wpbingosite.com/shop/page/2/index849f.html]
[kiti.wpbingosite.com/shop/indexad88.html]
[kiti.wpbingosite.com/shop/indexc2d7.html]
[kiti.wpbingosite.com/shop/index607e.html]
[kiti.wpbingosite.com/shop/indexeb30.html]
[kiti.wpbingosite.com/shop/page/2/index7d72.html]
[kiti.wpbingosite.com/shop/index67bc.html]
[kiti.wpbingosite.com/shop/page/2/indexffd4.html]
[kiti.wpbingosite.com/shop/indexd821.html]
[kiti.wpbingosite.com/shop/page/2/index8336.html]
[kiti.wpbingosite.com/shop/index8660.html]
[kiti.wpbingosite.com/shop/page/2/index8346.html]
[kiti.wpbingosite.com/shop/page/2/index2501.html]
[kiti.wpbingosite.com/shop/page/1/index74e4.html]
[kiti.wpbingosite.com/shop/index9d72.html]
[kiti.wpbingosite.com/shop/indexab4a.html]
[kiti.wpbingosite.com/shop/indexeffa.html]
[kiti.wpbingosite.com/shop/index418b.html]
[kiti.wpbingosite.com/shop/page/2/indexbd78.html]
[kiti.wpbingosite.com/shop/index7b51.html]
[kiti.wpbingosite.com/shop/indexdde2.html]
[kiti.wpbingosite.com/shop/indexe246.html]
[kiti.wpbingosite.com/shop/indexabac.html]
[kiti.wpbingosite.com/shop/page/2/index6102.html]
[kiti.wpbingosite.com/shop/index2ec5.html]
[kiti.wpbingosite.com/shop/indexf58b.html]
[kiti.wpbingosite.com/shop/indexaeb1.html]
[kiti.wpbingosite.com/shop/index50f0.html]
[kiti.wpbingosite.com/shop/page/2/indexcc3c.html]
[kiti.wpbingosite.com/shop/indexafcd.html]
[kiti.wpbingosite.com/shop/index140b.html]
[kiti.wpbingosite.com/shop/index2242.html]
[kiti.wpbingosite.com/shop/indexc120.html]
[kiti.wpbingosite.com/shop/page/2/indexc9d6.html]
[kiti.wpbingosite.com/shop/index3f73.html]
[kiti.wpbingosite.com/shop/indexbd50.html]
[kiti.wpbingosite.com/shop/index25f8.html]
[kiti.wpbingosite.com/shop/indexe468.html]
[kiti.wpbingosite.com/shop/page/2/index6180.html]
[kiti.wpbingosite.com/shop/index4fe6.html]
[kiti.wpbingosite.com/shop/index9ead.html]
[kiti.wpbingosite.com/shop/index7016.html]
[kiti.wpbingosite.com/shop/index8f70.html]
[kiti.wpbingosite.com/shop/page/2/index3b3f.html]
[kiti.wpbingosite.com/shop/index2dde.html]
[kiti.wpbingosite.com/shop/page/2/indexc172.html]
[kiti.wpbingosite.com/shop/indexee60.html]
[kiti.wpbingosite.com/shop/page/2/index979e.html]
[kiti.wpbingosite.com/shop/index8761.html]
[kiti.wpbingosite.com/shop/page/2/index857a.html]
[kiti.wpbingosite.com/shop/page/2/indexf4f8.html]
[kiti.wpbingosite.com/shop/page/1/indexbe32.html]
[kiti.wpbingosite.com/shop/index6b2b.html]
[kiti.wpbingosite.com/shop/index0164.html]
[kiti.wpbingosite.com/shop/index3850.html]
[kiti.wpbingosite.com/shop/index4d00.html]
[kiti.wpbingosite.com/shop/page/2/index1649.html]
[kiti.wpbingosite.com/shop/indexfec0.html]
[kiti.wpbingosite.com/shop/index574b.html]
[kiti.wpbingosite.com/shop/index7fd4.html]
[kiti.wpbingosite.com/shop/indexb0e5.html]
[kiti.wpbingosite.com/shop/page/2/index0838.html]
[kiti.wpbingosite.com/shop/indexc4e1.html]
[kiti.wpbingosite.com/shop/index61f7.html]
[kiti.wpbingosite.com/shop/indexc554.html]
[kiti.wpbingosite.com/shop/index8896.html]
[kiti.wpbingosite.com/shop/page/2/index5724.html]
[kiti.wpbingosite.com/shop/indexe189.html]
[kiti.wpbingosite.com/shop/indexadb3.html]
[kiti.wpbingosite.com/shop/indexcd4c-2.html]
[kiti.wpbingosite.com/shop/indexa983.html]
[kiti.wpbingosite.com/shop/page/2/indexc6d1.html]
[kiti.wpbingosite.com/shop/index859b.html]
[kiti.wpbingosite.com/shop/index027b.html]
[kiti.wpbingosite.com/shop/indexd4d2.html]
[kiti.wpbingosite.com/shop/index928a.html]
[kiti.wpbingosite.com/shop/page/2/indexaa82.html]
[kiti.wpbingosite.com/shop/indexa219.html]
[kiti.wpbingosite.com/shop/index167d.html]
[kiti.wpbingosite.com/shop/index884d.html]
[kiti.wpbingosite.com/shop/indexa6c2.html]
[kiti.wpbingosite.com/shop/page/2/index2216.html]
[kiti.wpbingosite.com/shop/index523b-3.html]
[kiti.wpbingosite.com/shop/page/2/indexfd2f.html]
[kiti.wpbingosite.com/shop/indexb290.html]
[kiti.wpbingosite.com/shop/page/2/indexa7c1.html]
[kiti.wpbingosite.com/shop/index8e1a.html]
[kiti.wpbingosite.com/shop/page/2/indexd63b.html]
[kiti.wpbingosite.com/shop/page/2/indexcd4c.html]
[kiti.wpbingosite.com/shop/page/1/indexcc57.html]
[kiti.wpbingosite.com/shop/index4c87.html]
[kiti.wpbingosite.com/shop/index500c.html]
[kiti.wpbingosite.com/shop/index877f.html]
[kiti.wpbingosite.com/shop/index12b5.html]
[kiti.wpbingosite.com/shop/page/2/indexb0ff.html]
[kiti.wpbingosite.com/shop/index05e8.html]
[kiti.wpbingosite.com/shop/indexa14e.html]
[kiti.wpbingosite.com/shop/index0976.html]
[kiti.wpbingosite.com/shop/index8a06.html]
[kiti.wpbingosite.com/shop/page/2/indexf42f.html]
[kiti.wpbingosite.com/shop/index7ec6.html]
[kiti.wpbingosite.com/shop/index0106.html]
[kiti.wpbingosite.com/shop/index222a.html]
[kiti.wpbingosite.com/shop/indexb94b.html]
[kiti.wpbingosite.com/shop/page/2/index47c1.html]
[kiti.wpbingosite.com/shop/indexe800.html]
[kiti.wpbingosite.com/shop/index867b.html]
[kiti.wpbingosite.com/shop/index989b.html]
[kiti.wpbingosite.com/shop/indexce95.html]
[kiti.wpbingosite.com/shop/page/2/index13ab.html]
[kiti.wpbingosite.com/shop/index1c64.html]
[kiti.wpbingosite.com/shop/indexd3b1.html]
[kiti.wpbingosite.com/shop/index1e4c.html]
[kiti.wpbingosite.com/shop/indexd40c.html]
[kiti.wpbingosite.com/shop/page/2/index1d25.html]
[kiti.wpbingosite.com/shop/index14d7.html]
[kiti.wpbingosite.com/shop/index62a2.html]
[kiti.wpbingosite.com/shop/index8dfd.html]
[kiti.wpbingosite.com/shop/index4b08.html]
[kiti.wpbingosite.com/shop/page/2/index81c2.html]
[kiti.wpbingosite.com/shop/index1482.html]
[kiti.wpbingosite.com/shop/page/2/indexd924.html]
[kiti.wpbingosite.com/shop/index6f22.html]
[kiti.wpbingosite.com/shop/page/2/index21f7.html]
[kiti.wpbingosite.com/shop/indexf452.html]
[kiti.wpbingosite.com/shop/page/2/indexdb7c.html]
[kiti.wpbingosite.com/shop/page/2/indexe5f0.html]
[kiti.wpbingosite.com/shop/page/1/indexb677.html]
[kiti.wpbingosite.com/shop/index960b.html]
[kiti.wpbingosite.com/shop/indexcf72.html]
[kiti.wpbingosite.com/shop/indexc422.html]
[kiti.wpbingosite.com/shop/indexd8eb.html]
[kiti.wpbingosite.com/shop/indexb901.html]
[kiti.wpbingosite.com/shop/indexa934.html]
[kiti.wpbingosite.com/shop/index740b.html]
[kiti.wpbingosite.com/shop/index6f39.html]
[kiti.wpbingosite.com/shop/index99f2.html]
[kiti.wpbingosite.com/shop/index8248.html]
[kiti.wpbingosite.com/shop/index1406.html]
[kiti.wpbingosite.com/shop/index42b2.html]
[kiti.wpbingosite.com/shop/indexbe62.html]
[kiti.wpbingosite.com/shop/index2109.html]
[kiti.wpbingosite.com/shop/indexfd30.html]
[kiti.wpbingosite.com/shop/indexa0dd.html]
[kiti.wpbingosite.com/shop/indexfc3b.html]
[kiti.wpbingosite.com/shop/index4dc5.html]
[kiti.wpbingosite.com/shop/indexe3c5.html]
[kiti.wpbingosite.com/shop/index7d4e.html]
[kiti.wpbingosite.com/shop/indexcd2b.html]
[kiti.wpbingosite.com/shop/indexa2ba.html]
[kiti.wpbingosite.com/shop/index6697.html]
[kiti.wpbingosite.com/shop/indexe2c4.html]
[kiti.wpbingosite.com/shop/index5bec.html]
[kiti.wpbingosite.com/shop/indexf6e5.html]
[kiti.wpbingosite.com/shop/index61cf.html]
[kiti.wpbingosite.com/shop/index4972.html]
[kiti.wpbingosite.com/shop/indexb007.html]
[kiti.wpbingosite.com/shop/indexe5cb.html]
[kiti.wpbingosite.com/shop/indexf703.html]
[kiti.wpbingosite.com/shop/indexf6d1.html]
[kiti.wpbingosite.com/shop/index5b4c.html]
[kiti.wpbingosite.com/shop/index4d98.html]
[kiti.wpbingosite.com/shop/index7ca3.html]
[kiti.wpbingosite.com/shop/indexeb90.html]
[kiti.wpbingosite.com/shop/index7299.html]
[kiti.wpbingosite.com/shop/indexc231.html]
[kiti.wpbingosite.com/shop/index1333.html]
[kiti.wpbingosite.com/shop/indexa871.html]
[kiti.wpbingosite.com/shop/indexf566.html]
[kiti.wpbingosite.com/shop/indexe9a5.html]
[kiti.wpbingosite.com/shop/index0516.html]
[kiti.wpbingosite.com/shop/indexa336.html]
[kiti.wpbingosite.com/shop/index7896.html]
[kiti.wpbingosite.com/shop/indexb425.html]
[kiti.wpbingosite.com/shop/indexf3a0.html]
[kiti.wpbingosite.com/shop/indexbbd9.html]
[kiti.wpbingosite.com/shop/index7f68.html]
[kiti.wpbingosite.com/shop/index0dfb.html]
[kiti.wpbingosite.com/shop/indexcbdb.html]
[kiti.wpbingosite.com/shop/index1bd1.html]
[kiti.wpbingosite.com/shop/indexbc05.html]
[kiti.wpbingosite.com/shop/indexbc67.html]
[kiti.wpbingosite.com/shop/index15c7.html]
[kiti.wpbingosite.com/shop/index3ad1.html]
[kiti.wpbingosite.com/shop/indexc00f.html]
[kiti.wpbingosite.com/shop/indexc708.html]
[kiti.wpbingosite.com/shop/page/2/index8496.html]
[kiti.wpbingosite.com/shop/indexfdec.html]
[kiti.wpbingosite.com/shop/indexe61b.html]
[kiti.wpbingosite.com/shop/index4846.html]
[kiti.wpbingosite.com/shop/index4039.html]
[kiti.wpbingosite.com/shop/page/2/index13bd.html]
[kiti.wpbingosite.com/shop/index15bc.html]
[kiti.wpbingosite.com/shop/index1eee.html]
[kiti.wpbingosite.com/shop/index9b35.html]
[kiti.wpbingosite.com/shop/index1bcc.html]
[kiti.wpbingosite.com/shop/page/2/index38d1.html]
[kiti.wpbingosite.com/shop/indexac60.html]
[kiti.wpbingosite.com/shop/index937a.html]
[kiti.wpbingosite.com/shop/indexa252.html]
[kiti.wpbingosite.com/shop/index27b9.html]
[kiti.wpbingosite.com/shop/page/2/indexf9e1.html]
[kiti.wpbingosite.com/shop/indexce1f.html]
[kiti.wpbingosite.com/shop/index4c44.html]
[kiti.wpbingosite.com/shop/indexd39e.html]
[kiti.wpbingosite.com/shop/index8284.html]
[kiti.wpbingosite.com/shop/page/2/index4493.html]
[kiti.wpbingosite.com/shop/indexada9.html]
[kiti.wpbingosite.com/shop/index359c.html]
[kiti.wpbingosite.com/shop/index7a76.html]
[kiti.wpbingosite.com/shop/index6d2e.html]
[kiti.wpbingosite.com/shop/page/2/index9ebb.html]
[kiti.wpbingosite.com/shop/indexc653.html]
[kiti.wpbingosite.com/shop/page/2/index8d73.html]
[kiti.wpbingosite.com/shop/index978b.html]
[kiti.wpbingosite.com/shop/page/2/index0127.html]
[kiti.wpbingosite.com/shop/index3ace.html]
[kiti.wpbingosite.com/shop/page/2/index956c.html]
[kiti.wpbingosite.com/shop/page/2/indexc868.html]
[kiti.wpbingosite.com/shop/page/1/index23ba.html]
[kiti.wpbingosite.com/shop/index70c2.html]
[kiti.wpbingosite.com/shop/indexeb58.html]
[kiti.wpbingosite.com/shop/indexb5bb.html]
[kiti.wpbingosite.com/shop/indexb127.html]
[kiti.wpbingosite.com/shop/page/2/index4c79.html]
[kiti.wpbingosite.com/shop/indexc402.html]
[kiti.wpbingosite.com/shop/indexf72b.html]
[kiti.wpbingosite.com/shop/index00dd.html]
[kiti.wpbingosite.com/shop/indexd1f2.html]
[kiti.wpbingosite.com/shop/page/2/index24b9.html]
[kiti.wpbingosite.com/shop/index1bee.html]
[kiti.wpbingosite.com/shop/indexd959.html]
[kiti.wpbingosite.com/shop/index26bd.html]
[kiti.wpbingosite.com/shop/index8e89.html]
[kiti.wpbingosite.com/shop/page/2/indexc5a6.html]
[kiti.wpbingosite.com/shop/index9596.html]
[kiti.wpbingosite.com/shop/indexc629.html]
[kiti.wpbingosite.com/shop/index36fa.html]
[kiti.wpbingosite.com/shop/index1ff7.html]
[kiti.wpbingosite.com/shop/page/2/indexb941.html]
[kiti.wpbingosite.com/shop/index8f24.html]
[kiti.wpbingosite.com/shop/index7d59.html]
[kiti.wpbingosite.com/shop/index97ee.html]
[kiti.wpbingosite.com/shop/index9e43.html]
[kiti.wpbingosite.com/shop/page/2/indexf674.html]
[kiti.wpbingosite.com/shop/indexac33.html]
[kiti.wpbingosite.com/shop/indexa70a.html]
[kiti.wpbingosite.com/shop/indexae22.html]
[kiti.wpbingosite.com/shop/indexe46e.html]
[kiti.wpbingosite.com/shop/page/2/index947f.html]
[kiti.wpbingosite.com/shop/indexf7a3.html]
[kiti.wpbingosite.com/shop/page/2/index1256.html]
[kiti.wpbingosite.com/shop/index4830.html]
[kiti.wpbingosite.com/shop/page/2/index16f1.html]
[kiti.wpbingosite.com/shop/index462b.html]
[kiti.wpbingosite.com/shop/page/2/index438e.html]
[kiti.wpbingosite.com/shop/page/2/indexefe0.html]
[kiti.wpbingosite.com/shop/page/1/index22aa.html]
[kiti.wpbingosite.com/shop/index66a0.html]
[kiti.wpbingosite.com/shop/indexb304.html]
[kiti.wpbingosite.com/shop/index004e.html]
[kiti.wpbingosite.com/shop/indexea7b.html]
[kiti.wpbingosite.com/shop/page/2/indexd192.html]
[kiti.wpbingosite.com/shop/index8a20.html]
[kiti.wpbingosite.com/shop/index0168.html]
[kiti.wpbingosite.com/shop/index17a2.html]
[kiti.wpbingosite.com/shop/indexc2b6.html]
[kiti.wpbingosite.com/shop/page/2/indexc0fd.html]
[kiti.wpbingosite.com/shop/index633e.html]
[kiti.wpbingosite.com/shop/index0c39.html]
[kiti.wpbingosite.com/shop/index0941.html]
[kiti.wpbingosite.com/shop/index17a1.html]
[kiti.wpbingosite.com/shop/page/2/index827d.html]
[kiti.wpbingosite.com/shop/index9136.html]
[kiti.wpbingosite.com/shop/index0db2.html]
[kiti.wpbingosite.com/shop/index0d3b.html]
[kiti.wpbingosite.com/shop/indexb51b.html]
[kiti.wpbingosite.com/shop/page/2/indexf737.html]
[kiti.wpbingosite.com/shop/index6ede.html]
[kiti.wpbingosite.com/shop/index511b.html]
[kiti.wpbingosite.com/shop/indexb6ca.html]
[kiti.wpbingosite.com/shop/index6426.html]
[kiti.wpbingosite.com/shop/page/2/index6c52.html]
[kiti.wpbingosite.com/shop/index821d.html]
[kiti.wpbingosite.com/shop/index1a53.html]
[kiti.wpbingosite.com/shop/index297f.html]
[kiti.wpbingosite.com/shop/index7948.html]
[kiti.wpbingosite.com/shop/page/2/indexbbb1.html]
[kiti.wpbingosite.com/shop/index6a5d.html]
[kiti.wpbingosite.com/shop/page/2/indexc0a1.html]
[kiti.wpbingosite.com/shop/indexace6.html]
[kiti.wpbingosite.com/shop/page/2/indexdaea.html]
[kiti.wpbingosite.com/shop/indexd56d.html]
[kiti.wpbingosite.com/shop/page/2/indexd8b4.html]
[kiti.wpbingosite.com/shop/page/2/index5ff8.html]
[kiti.wpbingosite.com/shop/page/1/indexe3be.html]
[kiti.wpbingosite.com/shop/midnight-sky-ocean-sounds/index23a6.html]
[kiti.wpbingosite.com/shop/midnight-sky-ocean-sounds/indexc529.html]
[kiti.wpbingosite.com/shop/midnight-sky-ocean-sounds/index3c77.html]
[kiti.wpbingosite.com/shop/midnight-sky-ocean-sounds/indexefa7.html]
[kiti.wpbingosite.com/shop/midnight-sky-ocean-sounds/indexb8cd.html]
[kiti.wpbingosite.com/product-tag/hot/index3c0b.html]
[kiti.wpbingosite.com/product-tag/hot/index5156.html]
[kiti.wpbingosite.com/product-tag/hot/indexa0bc.html]
[kiti.wpbingosite.com/product-tag/hot/index729c.html]
[kiti.wpbingosite.com/product-tag/hot/index28f0.html]
[kiti.wpbingosite.com/product-tag/hot/index6a50.html]
[kiti.wpbingosite.com/product-tag/hot/index1bb0.html]
[kiti.wpbingosite.com/product-tag/hot/index9aa4.html]
[kiti.wpbingosite.com/product-tag/hot/indexa220.html]
[kiti.wpbingosite.com/product-tag/hot/indexaf48.html]
[kiti.wpbingosite.com/product-tag/hot/indexf4e0.html]
[kiti.wpbingosite.com/product-tag/hot/index2f7b.html]
[kiti.wpbingosite.com/product-tag/hot/index356f.html]
[kiti.wpbingosite.com/product-tag/hot/index03ab.html]
[kiti.wpbingosite.com/product-tag/hot/indexd1f8.html]
[kiti.wpbingosite.com/product-tag/hot/index9ed0.html]
[kiti.wpbingosite.com/product-tag/hot/indexa462.html]
[kiti.wpbingosite.com/product-tag/hot/indexadde.html]
[kiti.wpbingosite.com/product-tag/hot/indexf04a.html]
[kiti.wpbingosite.com/product-tag/hot/indexb540.html]
[kiti.wpbingosite.com/product-tag/hot/index23a6.html]
[kiti.wpbingosite.com/product-tag/hot/indexc529.html]
[kiti.wpbingosite.com/product-tag/hot/indexc463.html]
[kiti.wpbingosite.com/product-tag/hot/index2d32.html]
[kiti.wpbingosite.com/product-tag/hot/indexb8cd.html]
[kiti.wpbingosite.com/product-tag/hot/index0a14.html]
[kiti.wpbingosite.com/product-tag/hot/index1735.html]
[kiti.wpbingosite.com/product-tag/hot/index6af8.html]
[kiti.wpbingosite.com/product-tag/hot/index9e86.html]
[kiti.wpbingosite.com/product-tag/hot/page/2/index.html]
[kiti.wpbingosite.com/product-tag/trend/index3c0b.html]
[kiti.wpbingosite.com/product-tag/trend/index5156.html]
[kiti.wpbingosite.com/product-tag/trend/indexa0bc.html]
[kiti.wpbingosite.com/product-tag/trend/index729c.html]
[kiti.wpbingosite.com/product-tag/trend/index28f0.html]
[kiti.wpbingosite.com/product-tag/trend/index6a50.html]
[kiti.wpbingosite.com/product-tag/trend/index1bb0.html]
[kiti.wpbingosite.com/product-tag/trend/index9aa4.html]
[kiti.wpbingosite.com/product-tag/trend/indexa220.html]
[kiti.wpbingosite.com/product-tag/trend/indexaf48.html]
[kiti.wpbingosite.com/product-tag/trend/indexf4e0.html]
[kiti.wpbingosite.com/product-tag/trend/index2f7b.html]
[kiti.wpbingosite.com/product-tag/trend/index356f.html]
[kiti.wpbingosite.com/product-tag/trend/index03ab.html]
[kiti.wpbingosite.com/product-tag/trend/indexd1f8.html]
[kiti.wpbingosite.com/product-tag/trend/index9ed0.html]
[kiti.wpbingosite.com/product-tag/trend/indexa462.html]
[kiti.wpbingosite.com/product-tag/trend/indexadde.html]
[kiti.wpbingosite.com/product-tag/trend/indexa863.html]
[kiti.wpbingosite.com/product-tag/trend/indexf442.html]
[kiti.wpbingosite.com/product-tag/trend/indexf04a.html]
[kiti.wpbingosite.com/product-tag/trend/indexb540.html]
[kiti.wpbingosite.com/product-tag/trend/index23a6.html]
[kiti.wpbingosite.com/product-tag/trend/indexc529.html]
[kiti.wpbingosite.com/product-tag/trend/index2d32.html]
[kiti.wpbingosite.com/product-tag/trend/indexb8cd.html]
[kiti.wpbingosite.com/product-tag/trend/index0a14.html]
[kiti.wpbingosite.com/product-tag/trend/index1735.html]
[kiti.wpbingosite.com/product-tag/trend/index6af8.html]
[kiti.wpbingosite.com/product-tag/trend/index3c77.html]
[kiti.wpbingosite.com/product-tag/trend/indexefa7.html]
[kiti.wpbingosite.com/product-tag/trend/page/2/index.html]
[static.xx.fbcdn.net/rsrc.php/v5/y7/l/0,cross/3YydOQAsiR8.css]
[static.xx.fbcdn.net/rsrc.php/v5/y8/l/0,cross/BXnqDJCVKMO.css]
[static.xx.fbcdn.net/rsrc.php/v5/yK/l/0,cross/CwO5Kb7DBBe.css]
[static.xx.fbcdn.net/rsrc.php/v5/yd/l/0,cross/jnQ2kSovYyK.css]
[static.xx.fbcdn.net/rsrc.php/v5/yo/l/0,cross/dz59Lk5kFxe.css]
[static.xx.fbcdn.net/rsrc.php/v4/yv/r/EGT_OYHpvIz.js]
[www.facebook.com/share_channel/oqfvXK.html]
[www.facebook.com/share_channel/qniSUm.html]
[static.xx.fbcdn.net/rsrc.php/v4/yq/r/rUZ40FanOcX.js]
[static.licdn.com/aero-v1/sc/h/akt4ae504epesldzj74dzred8.svg]
[www.linkedin.com/login.html]
[www.linkedin.com/uas/mainBundleCdnUrl, location.html]
[www.linkedin.com/uas/importMapBundleCdnUrl, location.html]
[static.licdn.com/aero-v1/sc/h/assets/Gky-laby.css]
[kiti.wpbingosite.com/cart/index8d32.html]
[kiti.wpbingosite.com/shop/midnight-sky-ocean-sounds/index356f.html]
[kiti.wpbingosite.com/shop/midnight-sky-ocean-sounds/index03ab.html]
[kiti.wpbingosite.com/shop/midnight-sky-ocean-sounds/indexd1f8.html]
[kiti.wpbingosite.com/shop/midnight-sky-ocean-sounds/index9ed0.html]
[kiti.wpbingosite.com/shop/midnight-sky-ocean-sounds/indexc463.html]
[kiti.wpbingosite.com/cart/indexf892.html]
[kiti.wpbingosite.com/shop/midnight-sky-ocean-sounds/indexf04a.html]
[kiti.wpbingosite.com/shop/midnight-sky-ocean-sounds/indexb540.html]
[kiti.wpbingosite.com/shop/midnight-sky-ocean-sounds/indexa462.html]
[kiti.wpbingosite.com/shop/midnight-sky-ocean-sounds/indexadde.html]
[kiti.wpbingosite.com/product-tag/life-style/index3c0b.html]
[kiti.wpbingosite.com/product-tag/life-style/index5156.html]
[kiti.wpbingosite.com/product-tag/life-style/indexa0bc.html]
[kiti.wpbingosite.com/product-tag/life-style/index729c.html]
[kiti.wpbingosite.com/product-tag/life-style/index28f0.html]
[kiti.wpbingosite.com/product-tag/life-style/index6a50.html]
[kiti.wpbingosite.com/product-tag/life-style/index1bb0.html]
[kiti.wpbingosite.com/product-tag/life-style/index9aa4.html]
[kiti.wpbingosite.com/product-tag/life-style/indexa220.html]
[kiti.wpbingosite.com/product-tag/life-style/indexaf48.html]
[kiti.wpbingosite.com/product-tag/life-style/indexa863.html]
[kiti.wpbingosite.com/product-tag/life-style/indexf442.html]
[www.facebook.com/share_channel/index51af.html]
[www.facebook.com/login/identify/index6de4.html]
[www.facebook.com/rc747.html]
[integration-facebook.payu.in/index.html]
[facebook.payulatam.com/index.html]
[secure.payu.com/index.html]
[facebook.dlocal.com/index.html]
[www.facebook.com/index.html]
[www.linkedin.com/sensorCollect/index98eb.html]
[www.linkedin.com/index.html]
[www.linkedin.com/legal/user-agreement/index.html]
[www.linkedin.com/legal/privacy-policy/index.html]
[www.linkedin.com/help/linkedin/answer/a403269/index.html]
[www.linkedin.com/legal/cookie-policy/index.html]
[www.linkedin.com/legal/copyright-policy/index.html]
[www.linkedin.com/help/linkedin/index.html]
[www.linkedin.com/login/indexa806.html]
[www.linkedin.com/login/ar-ae/indexc3c1.html]
[www.linkedin.com/login/bn-in/indexc3c1.html]
[www.linkedin.com/login/cs-cz/indexc3c1.html]
[www.linkedin.com/login/da-dk/indexc3c1.html]
[www.linkedin.com/login/de-de/indexc3c1.html]
[www.linkedin.com/login/el-gr/indexc3c1.html]
[www.linkedin.com/login/en-us/indexc3c1.html]
[www.linkedin.com/login/es-es/indexc3c1.html]
[www.linkedin.com/login/fa-ir/indexc3c1.html]
[www.linkedin.com/login/fi-fi/indexc3c1.html]
[www.linkedin.com/login/fr-fr/indexc3c1.html]
[www.linkedin.com/login/hi-in/indexc3c1.html]
[www.linkedin.com/login/hu-hu/indexc3c1.html]
[www.linkedin.com/login/id-id/indexc3c1.html]
[www.linkedin.com/login/it-it/indexc3c1.html]
[www.linkedin.com/login/he-il/indexc3c1.html]
[www.linkedin.com/login/ja-jp/indexc3c1.html]
[www.linkedin.com/login/ko-kr/indexc3c1.html]
[www.linkedin.com/login/mr-in/indexc3c1.html]
[www.linkedin.com/login/ms-my/indexc3c1.html]
[www.linkedin.com/login/nl-nl/indexc3c1.html]
[www.linkedin.com/login/no-no/indexc3c1.html]
[www.linkedin.com/login/pa-in/indexc3c1.html]
[www.linkedin.com/login/pl-pl/indexc3c1.html]
[www.linkedin.com/login/pt-br/indexc3c1.html]
[www.linkedin.com/login/ro-ro/indexc3c1.html]
[www.linkedin.com/login/ru-ru/indexc3c1.html]
[www.linkedin.com/login/sv-se/indexc3c1.html]
[www.linkedin.com/login/te-in/indexc3c1.html]
[www.linkedin.com/login/th-th/indexc3c1.html]
[www.linkedin.com/login/tl-ph/indexc3c1.html]
[www.linkedin.com/login/tr-tr/indexc3c1.html]
[www.linkedin.com/login/uk-ua/indexc3c1.html]
[www.linkedin.com/login/vi-vn/indexc3c1.html]
[www.linkedin.com/login/zh-cn/indexc3c1.html]
[www.linkedin.com/login/zh-tw/indexc3c1.html]
[appleid.apple.com/auth/authorizea167.html]
[www.linkedin.com/uas/login1f1a.html]
[www.linkedin.com/passwordReset/indexc3c1.html]
[kiti.wpbingosite.com/shop/graphic-training-top/index0a14.html]
[kiti.wpbingosite.com/shop/graphic-training-top/index1735.html]
[kiti.wpbingosite.com/shop/graphic-training-top/index309f.html]
[kiti.wpbingosite.com/shop/graphic-training-top/indexda72.html]
[kiti.wpbingosite.com/cart/index5c43.html]
[kiti.wpbingosite.com/shop/graphic-training-top/index356f.html]
[kiti.wpbingosite.com/shop/graphic-training-top/index03ab.html]
[kiti.wpbingosite.com/cart/indexf91d.html]
[kiti.wpbingosite.com/cart/index57f4.html]
[kiti.wpbingosite.com/cart/indexf102.html]
[www.youtube.com/error_2049a45.html]
[i.ytimg.com/generate_204.html]
[fonts.googleapis.com/css2aa78.css]
[www.youtube.com/s/player/886cbf26/www-player.css]
[www.youtube.com/s/desktop/ba34cc3c/cssbin/www-main-desktop-watch-page-skeleton.css]
[www.youtube.com/s/desktop/ba34cc3c/cssbin/www-main-desktop-player-skeleton.css]
[www.youtube.com/s/desktop/ba34cc3c/cssbin/www-onepick.css]
[www.youtube.com/s/_/ytmainappweb/_/ss/k=ytmainappweb.kevlar_base.j0O60NCVDNo.L.X.O/am=AAAAQAAAIQBM/d=0/rs=AGKMywEqDQjHfXRS8QLcSa8Sg5QV4swOpQ.css]
[www.youtube.com/watch7552.html]
[www.youtube.com/watchdea3.html]
[www.youtube.com/android-app_/com.google.android.youtube/http/www.youtube.com/watch4e52.html]
[www.youtube.com/ios-app_/544007664/vnd.youtube/www.youtube.com/watch4e52.html]
[www.youtube.com/@buzzfeedtasty.html]
[www.youtube.com/embed/RrHDDyjBE7M.html]
[accounts.google.com/v3/signin/identifierc01e.html]
[www.youtube.com/index.html]
[www.youtube.com/about/index.html]
[www.youtube.com/about/press/index.html]
[www.youtube.com/about/copyright/index.html]
[www.youtube.com/t/contact_us/index.html]
[www.youtube.com/creators/index.html]
[www.youtube.com/ads/index.html]
[developers.google.com/youtube.html]
[www.youtube.com/t/terms.html]
[policies.google.com/privacyfef7.html]
[www.youtube.com/about/policies/index.html]
[www.youtube.com/howyoutubeworks/indexd320.html]
[www.youtube.com/new.html]
[www.youtube.com/async_attach_app_loader.html]
[kiti.wpbingosite.com/shop/backbeat-fit-3200/index2d32.html]
[www.facebook.com/share_channel/indexef0e.html]
[www.linkedin.com/login/indexb23b.html]
[www.linkedin.com/login/ar-ae/indexd3fb.html]
[www.linkedin.com/login/bn-in/indexd3fb.html]
[www.linkedin.com/login/cs-cz/indexd3fb.html]
[www.linkedin.com/login/da-dk/indexd3fb.html]
[www.linkedin.com/login/de-de/indexd3fb.html]
[www.linkedin.com/login/el-gr/indexd3fb.html]
[www.linkedin.com/login/en-us/indexd3fb.html]
[www.linkedin.com/login/es-es/indexd3fb.html]
[www.linkedin.com/login/fa-ir/indexd3fb.html]
[www.linkedin.com/login/fi-fi/indexd3fb.html]
[www.linkedin.com/login/fr-fr/indexd3fb.html]
[www.linkedin.com/login/hi-in/indexd3fb.html]
[www.linkedin.com/login/hu-hu/indexd3fb.html]
[www.linkedin.com/login/id-id/indexd3fb.html]
[www.linkedin.com/login/it-it/indexd3fb.html]
[www.linkedin.com/login/he-il/indexd3fb.html]
[www.linkedin.com/login/ja-jp/indexd3fb.html]
[www.linkedin.com/login/ko-kr/indexd3fb.html]
[www.linkedin.com/login/mr-in/indexd3fb.html]
[www.linkedin.com/login/ms-my/indexd3fb.html]
[www.linkedin.com/login/nl-nl/indexd3fb.html]
[www.linkedin.com/login/no-no/indexd3fb.html]
[www.linkedin.com/login/pa-in/indexd3fb.html]
[www.linkedin.com/login/pl-pl/indexd3fb.html]
[www.linkedin.com/login/pt-br/indexd3fb.html]
[www.linkedin.com/login/ro-ro/indexd3fb.html]
[www.linkedin.com/login/ru-ru/indexd3fb.html]
[www.linkedin.com/login/sv-se/indexd3fb.html]
[www.linkedin.com/login/te-in/indexd3fb.html]
[www.linkedin.com/login/th-th/indexd3fb.html]
[www.linkedin.com/login/tl-ph/indexd3fb.html]
[www.linkedin.com/login/tr-tr/indexd3fb.html]
[www.linkedin.com/login/uk-ua/indexd3fb.html]
[www.linkedin.com/login/vi-vn/indexd3fb.html]
[www.linkedin.com/login/zh-cn/indexd3fb.html]
[www.linkedin.com/login/zh-tw/indexd3fb.html]
[www.linkedin.com/passwordReset/indexd3fb.html]
[kiti.wpbingosite.com/cart/index4030.html]
[kiti.wpbingosite.com/shop/backbeat-fit-3200/index6af8.html]
[kiti.wpbingosite.com/shop/backbeat-fit-3200/indexc463.html]
[kiti.wpbingosite.com/shop/backbeat-fit-3200/indexd1f8.html]
[kiti.wpbingosite.com/shop/backbeat-fit-3200/index9ed0.html]
[kiti.wpbingosite.com/cart/index277c.html]
[kiti.wpbingosite.com/shop/backbeat-fit-3200/indexa462.html]
[kiti.wpbingosite.com/shop/backbeat-fit-3200/indexadde.html]
[kiti.wpbingosite.com/cart/indexaf94.html]
[kiti.wpbingosite.com/shop/backbeat-fit-3200/index0a14.html]
[kiti.wpbingosite.com/shop/backbeat-fit-3200/index1735.html]
[kiti.wpbingosite.com/shop/backbeat-fit-3200/index356f.html]
[kiti.wpbingosite.com/shop/backbeat-fit-3200/index03ab.html]
[kiti.wpbingosite.com/cart/index8c4c.html]
[kiti.wpbingosite.com/cart/indexf24f.html]
[kiti.wpbingosite.com/cart/index6ca3.html]
[kiti.wpbingosite.com/cart/index2adb.html]
[kiti.wpbingosite.com/index0462.html]
[kiti.wpbingosite.com/indexbc34.html]
[kiti.wpbingosite.com/shop/younger-kids-jdi-t-shirt/indexda72.html]
[www.facebook.com/share_channel/index5ca9.html]
[www.linkedin.com/uas/loginddd6.html]
[kiti.wpbingosite.com/shop/younger-kids-jdi-t-shirt/index650d.html]
[kiti.wpbingosite.com/shop/younger-kids-jdi-t-shirt/indexc346.html]
[kiti.wpbingosite.com/shop/younger-kids-jdi-t-shirt/indexa863.html]
[kiti.wpbingosite.com/shop/younger-kids-jdi-t-shirt/indexf442.html]
[kiti.wpbingosite.com/shop/younger-kids-jdi-t-shirt/index9e86.html]
[kiti.wpbingosite.com/shop/younger-kids-jdi-t-shirt/index3c77.html]
[kiti.wpbingosite.com/shop/younger-kids-jdi-t-shirt/indexefa7.html]
[kiti.wpbingosite.com/shop/younger-kids-jdi-t-shirt/indexc463.html]
[kiti.wpbingosite.com/cart/indexd4be.html]
[kiti.wpbingosite.com/cart/index2fb5.html]
[kiti.wpbingosite.com/cart/indexf405.html]
[kiti.wpbingosite.com/cart/index7fbb.html]
[kiti.wpbingosite.com/shop/heston-boiler-espresso-machine/indexf4e0.html]
[kiti.wpbingosite.com/shop/heston-boiler-espresso-machine/index2f7b.html]
[kiti.wpbingosite.com/shop/heston-boiler-espresso-machine/index94e8.html]
[kiti.wpbingosite.com/shop/heston-boiler-espresso-machine/index0a14.html]
[kiti.wpbingosite.com/shop/heston-boiler-espresso-machine/index1735.html]
[www.facebook.com/share_channel/index5448.html]
[www.linkedin.com/login/index2c12.html]
[www.linkedin.com/login/ar-ae/indexf1f5.html]
[www.linkedin.com/login/bn-in/indexf1f5.html]
[www.linkedin.com/login/cs-cz/indexf1f5.html]
[www.linkedin.com/login/da-dk/indexf1f5.html]
[www.linkedin.com/login/de-de/indexf1f5.html]
[www.linkedin.com/login/el-gr/indexf1f5.html]
[www.linkedin.com/login/en-us/indexf1f5.html]
[www.linkedin.com/login/es-es/indexf1f5.html]
[www.linkedin.com/login/fa-ir/indexf1f5.html]
[www.linkedin.com/login/fi-fi/indexf1f5.html]
[www.linkedin.com/login/fr-fr/indexf1f5.html]
[www.linkedin.com/login/hi-in/indexf1f5.html]
[www.linkedin.com/login/hu-hu/indexf1f5.html]
[www.linkedin.com/login/id-id/indexf1f5.html]
[www.linkedin.com/login/it-it/indexf1f5.html]
[www.linkedin.com/login/he-il/indexf1f5.html]
[www.linkedin.com/login/ja-jp/indexf1f5.html]
[www.linkedin.com/login/ko-kr/indexf1f5.html]
[www.linkedin.com/login/mr-in/indexf1f5.html]
[www.linkedin.com/login/ms-my/indexf1f5.html]
[www.linkedin.com/login/nl-nl/indexf1f5.html]
[www.linkedin.com/login/no-no/indexf1f5.html]
[www.linkedin.com/login/pa-in/indexf1f5.html]
[www.linkedin.com/login/pl-pl/indexf1f5.html]
[www.linkedin.com/login/pt-br/indexf1f5.html]
[www.linkedin.com/login/ro-ro/indexf1f5.html]
[www.linkedin.com/login/ru-ru/indexf1f5.html]
[www.linkedin.com/login/sv-se/indexf1f5.html]
[www.linkedin.com/login/te-in/indexf1f5.html]
[www.linkedin.com/login/th-th/indexf1f5.html]
[www.linkedin.com/login/tl-ph/indexf1f5.html]
[www.linkedin.com/login/tr-tr/indexf1f5.html]
[www.linkedin.com/login/uk-ua/indexf1f5.html]
[www.linkedin.com/login/vi-vn/indexf1f5.html]
[www.linkedin.com/login/zh-cn/indexf1f5.html]
[www.linkedin.com/login/zh-tw/indexf1f5.html]
[www.linkedin.com/passwordReset/indexf1f5.html]
[kiti.wpbingosite.com/shop/heston-boiler-espresso-machine/indexd1f8.html]
[kiti.wpbingosite.com/shop/heston-boiler-espresso-machine/index9ed0.html]
[kiti.wpbingosite.com/shop/heston-boiler-espresso-machine/indexb8cd.html]
[kiti.wpbingosite.com/shop/heston-boiler-espresso-machine/index9e86.html]
[kiti.wpbingosite.com/cart/indexa712.html]
[twitter.com/intent/tweet00ff]
[twitter.com/intent/tweet45e5]
[twitter.com/intent/tweet9cb1]
[twitter.com/intent/tweetab42]
[twitter.com/intent/tweet6d14]
[twitter.com/intent/tweet6982]
[twitter.com/intent/tweet2792]
[twitter.com/intent/tweet1c71]
[twitter.com/intent/tweet1719]
[twitter.com/intent/tweetca4e]
[twitter.com/intent/tweetb2da]
[twitter.com/intent/tweetc863]
[twitter.com/intent/tweete92d]
[twitter.com/intent/tweet8b40]
[twitter.com/intent/tweeta068]
[twitter.com/intent/tweet8295]
[twitter.com/intent/tweet864e]
[twitter.com/intent/tweet233f]
[twitter.com/intent/tweet688e]
[twitter.com/intent/tweet99a6]
[twitter.com/intent/tweet36d9]
[twitter.com/intent/tweet288e]
[twitter.com/intent/tweetbe07]
[twitter.com/intent/tweet413d]
[twitter.com/intent/tweetcfbc]
